,0
GraphFP306,0.04021839710992704
nAcid,0.03758018830407766
AD2D339,0.037529778299080274
IC3,0.03697115232760147
ExtFP639,0.036967736321500785
AD2D173,0.036770270145337604
AD2D495,0.03609168290187468
ExtFP11,0.0351914612507912
MDEC-33,0.03503573072722287
IC2,0.03495868346141589
ExtFP515,0.03490675905090829
FP94,0.034866963634455184
FP143,0.0347774046425628
ExtFP444,0.03453071383364063
AD2D345,0.03433513486818084
ExtFP390,0.03422508988393463
ExtFP16,0.033419725160699826
FP485,0.033282912631171405
FP416,0.03324332854937724
FP10,0.03299928456765908
AD2D703,0.032950829524350654
ExtFP132,0.0324615936785477
FP867,0.03244916684878975
FP434,0.03230531576074809
ExtFP96,0.032200957183602885
FP782,0.032051751871184524
FP168,0.03178237368243037
BCUTp-1h,0.031634651343063806
ExtFP960,0.03150551531078768
GraphFP457,0.03150165684945944
FP29,0.03149212128601771
ExtFP878,0.031384701698483064
IC1,0.031318108758125865
ExtFP29,0.03128076216276526
ExtFP144,0.031276991875873
FP984,0.03124502927235643
ExtFP58,0.031239520269060572
FP471,0.031054414425208902
ExtFP985,0.031036243338782184
SCH-3,0.030949469770841204
FP58,0.030825343358269676
AD2D501,0.030764720201081834
ExtFP439,0.030751040759190395
AATS7i,0.03069915137150752
ExtFP485,0.030563898378312936
GraphFP87,0.030447245320418745
ExtFP409,0.03043942981624707
ExtFP456,0.03041748489114022
ExtFP842,0.03037424268240648
FP6,0.030296471108004028
ExtFP683,0.030204714208476945
FP124,0.030007451843507917
ExtFP363,0.029995940748474545
FP907,0.02985676301599651
FP247,0.029782589564533262
FP80,0.029775500159137325
FP578,0.029688736024379447
ExtFP441,0.029686054670195115
FP505,0.029557955554924804
ExtFP239,0.029528078664214984
MDEO-11,0.02950770611268414
ExtFP488,0.02944513813305716
FP153,0.029409006284759252
ExtFP492,0.029404294804354025
ExtFP558,0.029354031923728995
ExtFP831,0.029353020739674697
FP970,0.029317960496803564
ExtFP169,0.02927413621196516
ExtFP290,0.029252371666541186
ExtFP95,0.029138562727047013
FP344,0.029134348344849834
FP734,0.029123749855032237
ExtFP253,0.02911167965362938
SC-3,0.029111345590253745
ExtFP824,0.02907529652682001
ExtFP941,0.029073663462578513
FP26,0.028951347228080064
ExtFP312,0.02891547121657258
ExtFP838,0.028904517441468307
ExtFP8,0.028895686657216504
ExtFP74,0.028891471560898628
ExtFP550,0.028877575748802474
AD2D403,0.02886446134122434
FP300,0.02884897584110761
FP249,0.028839317919477775
ExtFP90,0.028765139982202953
naAromAtom,0.02874794533143843
FP695,0.02871342580200465
GraphFP755,0.028668673221706208
ExtFP888,0.028644273354290636
ExtFP883,0.028548112108676697
FP302,0.028547967461877415
ExtFP712,0.028511654518903178
FP204,0.02843732238336861
MDEC-23,0.02841620227306904
FP167,0.028392871478539694
FP727,0.028384413383325972
FP118,0.028351667827394
GraphFP276,0.02834502627906854
FP582,0.028314636034388586
ExtFP329,0.028311985865602907
ExtFP36,0.02830733359163934
ExtFP21,0.028302748712165177
ExtFP168,0.02828043750969367
FP366,0.02825116637431888
ExtFP276,0.028175764983259976
GraphFP808,0.02817274302528665
ExtFP70,0.028100881942458175
AD2D329,0.028089344052048403
ExtFP118,0.028033290273160528
ExtFP895,0.028029604177591618
FP537,0.027931878726605335
FP987,0.027930255396591462
FP481,0.027919625198654444
ExtFP364,0.027856421171166594
ExtFP698,0.027844004239917595
FP819,0.027826187738142494
GraphFP958,0.027797974022057338
ExtFP901,0.0277398586080657
FP678,0.027734418929136445
FP556,0.027677147180443666
ATSC3i,0.02765789306878046
ExtFP263,0.027652720667828794
ExtFP429,0.027644667086907285
FP925,0.027629507831334735
FP696,0.027626598540553805
FP762,0.02762165905672196
ExtFP937,0.02756411331958815
FP718,0.027560378578375892
FP614,0.027541935189903066
ExtFP25,0.027536293080181122
ExtFP433,0.027490099683758096
ExtFP236,0.027488642518288146
ExtFP566,0.027488601428844985
ExtFP807,0.027479732658908008
ExtFP504,0.02742443163729228
FP102,0.027402364446657272
FP996,0.027399302952031697
ExtFP313,0.02739327234757144
FP378,0.02737210769100053
FP526,0.02735141568465928
ExtFP302,0.0272689865461518
ExtFP161,0.02726550210038058
ExtFP815,0.02725268645810978
FP342,0.02722127913936165
ExtFP828,0.027187754596579496
FP321,0.027183386145053744
ExtFP571,0.02717842751938812
ExtFP805,0.027105797292214667
FP661,0.027077058359002516
FP931,0.02707313327088672
GraphFP115,0.02704239058000999
FP487,0.027036548953522227
ExtFP527,0.027025581489527616
FP622,0.026988057521569478
FP620,0.026985622771473566
AATS3i,0.026983063784382276
ExtFP666,0.02696715100879961
GraphFP446,0.026950709124919016
ExtFP1013,0.02694940680917752
ExtFP86,0.02693927003171094
ExtFP45,0.026931119230190138
GraphFP983,0.02691573443342738
C4SP3,0.026914698736698252
ExtFP943,0.026899097590690126
FP498,0.026857249820953458
FP50,0.026828074249167458
VPC-4,0.026768261750473137
ExtFP3,0.026715147193632313
FP381,0.026654451132427308
ExtFP843,0.02663515625506589
FP1019,0.026626196960796024
FP569,0.02659548975617688
ExtFP928,0.026594876957362356
FP268,0.026583103200978155
AD2D407,0.026550765628694517
FP937,0.026458877046899334
GraphFP529,0.026441696954659623
apol,0.026441011967188257
ExtFP171,0.02638269993640608
FP285,0.026375913008092028
FP184,0.026366505532445208
ExtFP360,0.026354753628521674
FP650,0.02629636199381553
FP630,0.02628121897983413
ExtFP723,0.026258900406411052
FP486,0.026252429282235635
ExtFP450,0.02623168441642825
ExtFP724,0.026215531899331217
ExtFP747,0.026208163591294013
FP761,0.026203715320845696
ExtFP603,0.026181471159923003
FP357,0.02617166872273094
FP564,0.026165734239607944
FP213,0.02613226545388124
GraphFP60,0.026114118086613253
ExtFP297,0.02607981377982436
FP348,0.02606706525638639
ExtFP991,0.02605128017560896
GraphFP390,0.026049210769834845
ExtFP114,0.02604583452695338
FP1011,0.026030104825862724
FP557,0.026027546990717416
FP37,0.02596236172818903
ExtFP389,0.025938499127435982
FP799,0.025934722298797862
FP542,0.025928137869762148
FP981,0.025902153759775094
GraphFP104,0.025835570388447297
ExtFP143,0.025829035873891668
GraphFP768,0.025777516082170528
FP291,0.025768042112080725
FP267,0.025751846581180803
ExtFP369,0.02573831409504662
GATS3i,0.025724603845292543
ExtFP1,0.02570144224258536
GraphFP902,0.025696051725359617
ASP-3,0.025679735340316957
ExtFP592,0.025648409814821208
ExtFP697,0.025646868803792897
GraphFP925,0.025582147609174585
FP140,0.02556963440431357
ExtFP57,0.025566350492076888
ExtFP357,0.025565291931899593
FP985,0.025555914228169375
ExtFP637,0.025532930261939965
FP986,0.025503042031037634
ExtFP794,0.02549160283851117
FP688,0.025453984449610684
ExtFP80,0.025445336297119002
GATS5c,0.02542667637409041
ExtFP408,0.025323109769638155
ExtFP759,0.025313913489909457
ExtFP671,0.02529994484783752
ExtFP28,0.02529365108287228
FP800,0.025293296073752088
GraphFP904,0.025274739438543824
GraphFP965,0.02527435771017298
ExtFP265,0.025238126890681407
GraphFP716,0.02518980999695663
FP207,0.025184786157609804
ExtFP388,0.025180289537698262
ExtFP166,0.025168621974358946
FP484,0.02516413209033457
ExtFP296,0.025156797592718782
FP314,0.02513714780875368
GraphFP517,0.025131906603636924
GraphFP156,0.02509020854415321
ExtFP27,0.02506657661041655
GraphFP451,0.025062408450540218
GraphFP552,0.02503560130936275
FP539,0.025021291144783755
ExtFP656,0.025017137118885372
FP173,0.025014058594766606
GraphFP901,0.025010180064488588
FP436,0.024960482894218736
ExtFP740,0.024936005897952356
ExtFP55,0.024932058735047686
ExtFP826,0.024926276402148104
GraphFP587,0.024902786989632737
ExtFP954,0.0248831670994181
ExtFP295,0.024874258040510088
ExtFP802,0.02486666138305001
nHBAcc_Lipinski,0.024860523142875998
ExtFP788,0.024854558205815953
GraphFP947,0.024848154669371264
ExtFP324,0.024843701550202612
ExtFP223,0.02482190391600374
ExtFP98,0.02475832189232811
FP788,0.024751716574525105
FP682,0.024743777156414876
FP142,0.024730248235720984
C2SP2,0.024707032818035976
ExtFP221,0.024703151029242306
AATS0i,0.024691680717322438
ExtFP591,0.02468748013690712
ExtFP974,0.024683300936524814
ExtFP799,0.024680231713242337
FP193,0.02466316907762187
ASP-7,0.02465120723243152
FP750,0.024607248293286157
ExtFP620,0.024542717296907726
ExtFP78,0.024542437830838912
ExtFP817,0.024518121990738793
AATS6i,0.024510054856673815
FP635,0.02446890436386467
FP376,0.024442283912312585
FP536,0.024437388311077234
GraphFP699,0.024428217741131922
ExtFP24,0.02442263410686283
ExtFP23,0.024415019719160626
GraphFP491,0.024411247272864478
FP448,0.024344848612143345
FP903,0.024314045244788147
FP735,0.024312026104713193
AATS7v,0.02430255680969636
ExtFP889,0.024275799852713345
ExtFP15,0.024263299245655158
XLogP,0.02426054672974894
FP117,0.024241542103786783
AATS6v,0.024240480407618007
GraphFP149,0.02423353021743636
GraphFP553,0.024219218984118603
ExtFP694,0.024205788755013707
AATS8v,0.024185926157379384
ATSC6c,0.02415351078409878
GraphFP543,0.024137708916945312
ATSC8i,0.024130320501768623
ExtFP835,0.02412308730711136
AATS5v,0.0241154437563261
ExtFP773,0.024103834423971557
ExtFP20,0.024070866155059524
ExtFP635,0.024019880395640156
MDEN-13,0.023996801436772065
FP573,0.023950648922736635
JGI2,0.0239292750512762
FP722,0.02388822545231556
ExtFP331,0.02387619012733058
ExtFP597,0.02387522966717422
FP663,0.023861096543663963
FP394,0.02385842967407276
ETA_BetaP,0.023833872618774125
FP809,0.023825377858149237
ATS4m,0.023805485738228306
FP232,0.02380194651210917
ExtFP187,0.023801179862658856
GraphFP338,0.023777542284254664
FP22,0.023728853445607205
ExtFP72,0.02368977687849938
FP1016,0.02368524075662125
ExtFP624,0.023670181624698874
ASP-1,0.023641674205217962
ExtFP463,0.02363190983436616
ExtFP967,0.02358500217555688
GraphFP898,0.0235699103599162
ExtFP246,0.023557697764460275
GraphFP903,0.023549675212142945
ExtFP48,0.023503958688592275
ExtFP730,0.023502575796069288
FP572,0.023502378656752598
ExtFP833,0.023502304607349866
ExtFP284,0.02347614052096235
FP120,0.023472643469207834
ExtFP201,0.023468850945449534
FP677,0.023467828509091675
ExtFP487,0.023466127460022322
GraphFP851,0.023437237455491693
ExtFP979,0.023401547531167056
ExtFP615,0.02338861764310773
ExtFP684,0.02337234681095299
GraphFP787,0.02335734380289761
GraphFP174,0.023355166341858143
ExtFP349,0.02331908988910645
FP691,0.023297542268867665
ExtFP711,0.0232953952946958
GraphFP261,0.023294796613703376
VC-3,0.023281676713218673
FP465,0.023280179844265864
FP225,0.02326618312730354
FP909,0.023265902925766663
FP654,0.023252276323305076
ExtFP101,0.023246668191443387
FP951,0.023243124972104408
GraphFP44,0.023201959020619778
GraphFP47,0.023195392641356047
ETA_dAlpha_B,0.023164976683771467
ExtFP879,0.02314540930832297
ExtFP751,0.02314390231670368
ATSC3v,0.023132559248904932
AATS7s,0.02312970502014824
ExtFP721,0.02312745749892288
ExtFP274,0.023113795877129188
FP110,0.02311005739220915
FP634,0.023086131353511716
ATSC5c,0.023069300860935192
ExtFP269,0.023063197506142802
ExtFP196,0.023051935388717006
GraphFP472,0.023022122158383642
AATSC6s,0.02301478244894893
GraphFP774,0.02299584267202097
ExtFP148,0.022986171873665737
FP1000,0.022981589350168138
FP494,0.022981066344813013
FP75,0.02297909877562021
GraphFP698,0.022968498256090843
ExtFP264,0.022966013733375267
ExtFP529,0.022956573296294858
ExtFP553,0.022948469761082613
FP955,0.022935988999002028
ExtFP536,0.02293538453520409
GraphFP638,0.022928280487486515
FP311,0.022926413456503328
FP857,0.022918758411584993
ExtFP327,0.022904779085380127
ExtFP347,0.022904547404135334
FP473,0.02290054674127842
GraphFP302,0.022894323616976558
ExtFP317,0.022888304880452976
FP714,0.022879575258493625
FP728,0.022878922630752706
ExtFP244,0.02286610659938925
FP464,0.022852737006484464
GraphFP735,0.022816886233369253
ExtFP661,0.022794332373789587
ExtFP803,0.02277386824484587
FP200,0.022771965089909238
ExtFP964,0.02276140852756291
FP419,0.02274849969340062
ExtFP863,0.022743846508852337
ExtFP554,0.022739714818348213
GraphFP86,0.02273040281442535
FP433,0.022699773791034737
ExtFP419,0.022693885058938598
ExtFP212,0.022687564568805645
FP453,0.022682912823850224
FP827,0.022675330908889558
FP176,0.022660961440611183
ExtFP340,0.02260014418801368
FP687,0.022583038019677464
FP89,0.02257967627396769
GraphFP220,0.022564736626701654
FP84,0.022561468803335063
ExtFP576,0.02254063663659313
FP1012,0.022539468886177118
ExtFP731,0.022538714276229346
GraphFP1001,0.022537649151621642
FP781,0.02253422109306119
FP273,0.022509960907703453
ExtFP947,0.022504772503659762
AATS2i,0.022504294436800645
ATS2s,0.02249498763542169
FP768,0.02249271540270005
nHBAcc,0.022440237689286272
ExtFP776,0.022387440161582936
FP563,0.02234827229220908
ExtFP541,0.022338978278029217
ExtFP733,0.02230147918681529
ExtFP782,0.022282730168991308
ExtFP786,0.022280386896391714
FP435,0.02224832666576175
FP20,0.02223766758594582
ExtFP175,0.022233233379422613
FP66,0.02223274567110548
GraphFP891,0.022206274535582538
FP3,0.022197810638247193
ExtFP958,0.022194973318377068
FP60,0.02217727176230154
ExtFP141,0.022114936758160248
GraphFP632,0.022089232267179786
FP771,0.022078108607023403
ExtFP165,0.022064375364015464
GraphFP604,0.022047833039319564
FP61,0.022044646702951146
ExtFP92,0.022038092423066126
ExtFP578,0.022036402148564237
FP359,0.022027904448068656
FP623,0.02198951048002882
GATS4c,0.021982090919008303
FP854,0.021974069319897347
FP292,0.021972591187751408
GraphFP795,0.02195302738658042
FP101,0.021938226064201226
FP626,0.02191813493233469
GraphFP645,0.021903044499075115
FP731,0.02189734960591448
ExtFP386,0.021897313766959324
AD2D248,0.02185818877630663
FP681,0.0218562371318795
FP610,0.02185348390108683
GraphFP783,0.02181727495763588
ExtFP451,0.021810627834407122
ExtFP359,0.021806280498048655
ExtFP5,0.02177667005048876
FP551,0.021767775596418175
FP893,0.02176541215737846
GraphFP899,0.02174305431034852
FP52,0.02173641837476378
ExtFP749,0.021704575168259264
GraphFP731,0.02169518415980076
FP88,0.021686101459719505
ExtFP135,0.02168125221059502
ExtFP777,0.021661750572459712
GraphFP896,0.02165662589502969
FP644,0.021640840727894604
ExtFP811,0.02163675406076781
FP894,0.021631178897580816
ExtFP880,0.021605182708115137
AATSC0c,0.021588283398056563
ExtFP285,0.021587196402722733
ExtFP355,0.021583498395764605
FP946,0.02157334271648699
FP549,0.021549340236789057
ExtFP806,0.021529033805106967
ExtFP555,0.021523226132608677
FP497,0.0215183878807433
JGI5,0.021511978522863025
ATSC6e,0.021496684343813598
JGI6,0.021490972596507674
FP308,0.021484822597739678
ExtFP601,0.021484726897720775
FP269,0.02144490863862577
ExtFP518,0.021437794096362497
MDEC-24,0.021429344237726605
FP398,0.021425876556745396
ExtFP9,0.021402021743607225
GraphFP409,0.02139402626092902
ExtFP748,0.02138786045445318
GraphFP308,0.021386657898417854
ExtFP123,0.02137000601078498
GraphFP569,0.02136034793694453
FP197,0.021350898963502302
ExtFP113,0.021345296705301338
nN,0.021340939048180834
GraphFP96,0.02133951506514868
FP739,0.02133202649300647
FP574,0.021325877369103616
FP1013,0.021322653109487593
ExtFP679,0.021319635721967704
FP410,0.021306007920011638
ExtFP288,0.021303329067736045
ExtFP22,0.021287366763439418
FP429,0.021276222970105858
ExtFP903,0.021217389903208005
ExtFP887,0.02121366698579201
FP327,0.02120343596806128
FP105,0.021199279298693956
FP699,0.02118847064842085
ExtFP353,0.021168942216345854
FP864,0.021153523776859834
FP647,0.02114384079216726
ExtFP665,0.021137031964704345
FP980,0.021129466071477213
ExtFP890,0.021104903933134498
MATS3m,0.02110416616943251
GraphFP677,0.021090362954144636
ExtFP39,0.02104853668368676
FP233,0.021044961679894704
FP548,0.021031228866780244
ExtFP185,0.02102864503137144
FP92,0.021000517793284514
FP662,0.020994935270034078
FP371,0.020991679109159545
GraphFP728,0.02098743477066278
AATS0s,0.020985341801517135
FP14,0.02097654802038668
FP393,0.020975934387700852
FP306,0.020972978730291972
FP9,0.020970731746910946
FP361,0.020965994673397152
FP658,0.02095708713693178
ExtFP596,0.020950611217737086
GraphFP443,0.020940570655295584
FP856,0.02093206482823808
GraphFP590,0.020926455013095892
FP831,0.020919301690072143
ETA_Epsilon_3,0.02091494804663699
ExtFP998,0.020913615696051966
ExtFP464,0.020895210607847145
FP335,0.02089152927403041
FP332,0.02088101722512509
FP803,0.020877601885117662
FP830,0.020866785124586874
AD2D258,0.02085198192986876
GraphFP775,0.020840893616925454
FP2,0.020829373154999532
ExtFP924,0.02082427834339636
ExtFP871,0.020822933674513842
FP675,0.020818202642394534
FP508,0.02081331660302386
ExtFP540,0.02077875799728717
ASP-2,0.02077496290227094
GraphFP453,0.020752777611029793
FP974,0.020752487882323176
ExtFP546,0.020735059343389574
ExtFP138,0.020732094467552444
AATSC6e,0.020730510773918
FP671,0.020724406901966492
ExtFP43,0.0207194699120585
FP7,0.02071796271764757
FP552,0.020713924692978912
ExtFP825,0.020710954261850444
FP684,0.020705712006497765
FP646,0.020700258011266272
FP922,0.020690640227479927
FP765,0.020673345124556968
FP425,0.02066867086599945
FP209,0.0206400324921764
ExtFP648,0.020637879309814283
SC-5,0.020631273586552194
FP599,0.020630883611509825
GraphFP122,0.0206286406385726
GraphFP135,0.020628189084909432
GraphFP680,0.02062152882297297
FP287,0.020619300587240447
FP712,0.0206164208487916
GraphFP736,0.020585483784211107
ExtFP744,0.02057974600240866
FP841,0.020573642572768402
FP740,0.020565419011363033
FP965,0.02055876029399311
ExtFP675,0.02055752292391179
GraphFP773,0.020543833267903357
AD2D335,0.020543630978186782
FP420,0.020499507893287208
FP399,0.02049047346040851
FP478,0.020487067303944874
SpMax_Dt,0.02048471911542419
FP990,0.020470703156742716
ExtFP792,0.020458396108748746
FP766,0.020449960231206515
FP1003,0.020447108406576466
ExtFP160,0.020443163655713515
ExtFP399,0.020437747103049488
ExtFP51,0.02043344340609631
FP524,0.02043140033850577
FP482,0.020387061885841905
GraphFP913,0.020380465095776165
GraphFP465,0.020375886355252646
ExtFP919,0.020366151998795337
GraphFP259,0.020364905872551894
FP421,0.020356848413128233
FP941,0.020346637257209168
FP810,0.020346550710985376
GraphFP62,0.020319509279403673
FP1015,0.020317247817192158
ExtFP902,0.020306809110907802
FP19,0.02029196266292197
FP235,0.020285150934239733
GraphFP131,0.020281024518403645
GraphFP129,0.020251470370250636
ZMIC1,0.02024644308940921
GraphFP513,0.020222730109198138
ExtFP305,0.020215361549658813
GraphFP738,0.020188356427117863
ExtFP572,0.020188249026329957
GraphFP946,0.020188103590078242
FP333,0.020170650336913298
FP496,0.02014471008697805
FP128,0.020137869263339436
GATS6i,0.020117835170158305
FP255,0.02011239210595923
ExtFP292,0.020098260967659962
ATSC4e,0.020084751138657393
ExtFP401,0.02007828305859455
FP353,0.020077569736035684
FP404,0.02007679130727513
ExtFP182,0.020068627750127528
FP656,0.02005655927209559
ExtFP755,0.02002753973070079
GraphFP886,0.02002306692080584
ETA_Psi_1,0.02001975316155693
ExtFP948,0.019989697283918095
ExtFP945,0.019989600071638573
FP500,0.01998352873604597
FP580,0.01996553147567091
ExtFP587,0.019946133043400056
ExtFP814,0.01993986900935024
ExtFP396,0.019937762038464424
ExtFP929,0.019932556763763983
GraphFP329,0.01992820229068256
ExtFP308,0.01990273142918169
VC-5,0.019893949061381595
ExtFP821,0.019893232093805807
ExtFP645,0.019856782724260613
ExtFP875,0.01984205414304813
FP122,0.01981791886301285
ExtFP672,0.019802552937170474
GraphFP297,0.019800450909847844
FP879,0.019794583579722906
ExtFP273,0.019781776058715818
GraphFP889,0.019775435331087554
ExtFP365,0.019760869045954647
ExtFP91,0.019751994860341866
FP747,0.019736709374809112
ExtFP608,0.01973485462630142
ExtFP259,0.019700287948663533
GraphFP196,0.019687391031598216
FP737,0.01967038882270412
FP440,0.019670369134835945
GraphFP948,0.019656356211946207
FP406,0.01962665945535347
FP347,0.019602500008605722
ExtFP617,0.019601509424093534
GraphFP70,0.019601132884290686
ExtFP336,0.01957962229959314
FP44,0.019576303293653324
FP514,0.019571103630223692
FP838,0.019560287694554205
FP340,0.01955990759797889
ExtFP73,0.019527759863971834
FP818,0.01951297059162757
GraphFP486,0.019512463788767778
FP345,0.01951033878758284
ExtFP854,0.019500507238024215
FP161,0.019495714439131572
GraphFP281,0.01949307932512281
ExtFP914,0.019481915203074976
FP491,0.01947350833736983
GraphFP532,0.019456307241411216
FP749,0.019428892171857226
ExtFP383,0.019423230255523453
FP145,0.01941843895894815
ATSC1c,0.019414385012672356
FP216,0.01941347271474184
AATS4s,0.01941234830133331
FP135,0.019406655253632957
FP888,0.01940388102951614
SM1_Dzv,0.01940349773835365
FP589,0.019400313158258086
AD2D626,0.019399759878094912
FP530,0.01937486340305585
ATSC2c,0.019369214374864125
FP150,0.019361328180035615
ATS0s,0.01934829754815273
GraphFP740,0.01933872638951515
MDEC-13,0.019326968841236275
ExtFP477,0.019316396914050633
ExtFP804,0.019304740078366536
ExtFP452,0.01926659892039108
FP160,0.01925723838106583
FP664,0.01925334782526499
FP875,0.0192473520269917
AATS1i,0.01924450250846573
FP438,0.01922099189385722
FP346,0.019210297627950047
FP370,0.0191929409609233
FP745,0.01918771787247133
FP775,0.019182182974423607
FP560,0.019177233953456784
ExtFP247,0.01917561918013516
ExtFP538,0.01916031236588859
ExtFP61,0.019155921277201855
ExtFP984,0.01914658423227066
ExtFP335,0.01914171422105673
AATS0p,0.01913709989788393
ExtFP252,0.019123096539509225
FP988,0.019110459246211978
FP835,0.019097318104965667
GraphFP527,0.019075527366273038
FP163,0.019071532904525686
AD2D414,0.019053523671104466
FP633,0.01904106905565957
FP929,0.019040400032494024
ExtFP281,0.0190222940533113
FP512,0.019020141769080436
GraphFP723,0.019020091077890145
ExtFP368,0.019009678012038428
ExtFP678,0.018993042140805848
ExtFP881,0.018992277660482913
AD2D550,0.01898781393566577
C3SP2,0.01898223513773375
GraphFP707,0.018974002526657333
FP319,0.018965337840830924
ExtFP952,0.01895319887035176
GraphFP833,0.018938607680985847
ExtFP701,0.018925472095902195
FP773,0.018916863257296142
ExtFP732,0.018912851326565873
ExtFP669,0.0189104487752226
ExtFP325,0.018896324677518533
FP596,0.01889555980165603
GraphFP944,0.0188777729747664
ExtFP756,0.0188758216872394
AD2D404,0.018873138547636663
ATSC4s,0.018869483382199768
ExtFP980,0.018867958031320284
ExtFP931,0.018854497218784086
GraphFP815,0.018851594664063897
FP1004,0.018807964944018617
GraphFP405,0.018807125506619136
GraphFP541,0.018805015582523354
FP613,0.0188032905656675
FP364,0.01878722870332197
ATSC3e,0.01877543256771819
GraphFP908,0.01875905403100343
FP407,0.01874767398619353
ExtFP673,0.018730603687666967
FP554,0.018725442726638536
FP815,0.01871538559865421
GraphFP45,0.01871212387048696
ETA_Eta_B,0.01870794238283303
AATS0v,0.018705478996532878
ExtFP159,0.018702525072248854
FP509,0.018693001508839867
ExtFP200,0.01869273298316041
FP316,0.018681623526745388
ExtFP319,0.018680001931039945
C1SP2,0.018677652565020093
ExtFP859,0.018676272597151787
FP467,0.018670976184762017
ExtFP348,0.01866313351644609
AATS3v,0.018660893219529344
GraphFP713,0.018655219244623468
FP326,0.018649276944934554
ExtFP522,0.018637426065752118
FP493,0.018630322229559473
FP632,0.018630279252245995
ExtFP823,0.01861910898511389
AATSC6i,0.018618864594683315
MATS7m,0.018607808032884643
ExtFP690,0.018590884455760737
GraphFP606,0.018568205068140567
ExtFP864,0.018564939183142427
GraphFP315,0.01856111677620035
ExtFP307,0.018559652896363563
ExtFP627,0.018554606944098835
ExtFP499,0.01854690380399119
FP571,0.018518632509755415
FP592,0.018516122442586783
FP757,0.01851340737614906
ExtFP232,0.018513360413618146
FP601,0.018508832180554418
FP154,0.01850287307984514
GraphFP572,0.018499220115013162
GATS3p,0.018490528139742977
GraphFP51,0.018487270775770944
GraphFP681,0.018483487580517717
ExtFP50,0.01846891298541539
FP318,0.018432855432049935
FP360,0.01842010819775352
ExtFP745,0.01841382055960264
FP703,0.018411953898304762
GraphFP424,0.018388445482979913
ExtFP575,0.018386934785331807
GraphFP576,0.01838317615696846
AD2D326,0.018382023012039023
ExtFP677,0.01836798055681344
ExtFP641,0.018363923066749253
GraphFP253,0.01835764919558558
FP388,0.018354265225761397
GraphFP224,0.018332215566053876
GraphFP288,0.01832603860191962
FP861,0.01831119479750313
FP640,0.018305577348543663
ExtFP346,0.01830060575820838
FP137,0.018285379072934184
GATS4e,0.018284772170431833
GATS5i,0.018283657379738184
FP657,0.018279549057273362
FP323,0.018235214465213527
FP64,0.018224149634794105
GraphFP962,0.01821309699157845
FP811,0.018211762635629923
FP928,0.018197458988585477
FP99,0.018197119132870906
ExtFP973,0.018194129587153215
GraphFP430,0.018192954667743153
FP669,0.018192418119840896
FP205,0.01819028865961599
GraphFP880,0.018162154583051312
GATS8i,0.018154433649246175
ExtFP432,0.018148762771739733
FP868,0.018146271641201243
FP169,0.018140277787130028
GraphFP894,0.018137600432111715
FP191,0.018123506606589634
ExtFP944,0.01811514468574663
FP337,0.018111592570229356
ExtFP900,0.01810736675076816
FP27,0.018086772354459962
GraphFP637,0.018076609141344124
FP115,0.01807398208527247
ExtFP6,0.018062716420466782
ExtFP593,0.018056826010328236
ExtFP81,0.01805019167043168
FP890,0.01804936691179834
ExtFP47,0.018037870313735428
ExtFP216,0.01802975369740731
GraphFP285,0.018009163006576855
ExtFP545,0.018005013094306722
ExtFP193,0.017999597595465433
FP840,0.017997039623999175
FP1024,0.017992054037210294
FP843,0.017991326847560073
FP262,0.01798998027712065
ExtFP961,0.0179898858009988
FP741,0.017988713576938396
AD2D627,0.01796878336724586
GATS5p,0.017965705649093805
ExtFP735,0.017965227324461933
FP236,0.017960001610476783
FP503,0.017958008240476876
FP443,0.01794894642792645
FP5,0.01793635883658949
FP97,0.01791442170405293
FP336,0.017913808264074724
ExtFP750,0.01791061618259252
ExtFP539,0.01790697046324491
ExtFP30,0.017902264415067294
FP746,0.01790123276349933
GraphFP949,0.017891431393623133
GraphFP163,0.017883471109863103
FP62,0.017882714451987605
FP1018,0.017878547413300083
GraphFP839,0.017872149027096836
GATS1p,0.017865280440305237
ExtFP659,0.017859860140437313
ExtFP440,0.01783603089222553
ExtFP548,0.017831231431111816
FP264,0.017825460465765993
ExtFP584,0.017822163809905246
ExtFP696,0.01781434892334394
FP146,0.017810808470064592
ExtFP793,0.017809040386418472
FP591,0.017807014589601947
GraphFP226,0.017795369079389108
FP721,0.01776789910801153
GraphFP382,0.017763581898831975
VR3_DzZ,0.01776280775721599
FP829,0.017761127864174144
GraphFP536,0.017760557577320923
GraphFP3,0.01775234397301923
ExtFP997,0.017739607796224317
FP748,0.017737803161363887
FP874,0.01773738024690773
AD2D706,0.017727056047334558
FP158,0.01771747537978418
FP690,0.01770969426804852
FP808,0.017706444319098853
ExtFP183,0.017699188320390854
FP717,0.017695089366431258
ExtFP772,0.017690771337400886
GraphFP581,0.01768508328456843
ExtFP981,0.01762531164472496
FP802,0.017615089808431704
ExtFP106,0.017613969328071737
ATSC5e,0.01761341815402075
ExtFP255,0.01760724360681715
GraphFP741,0.017576293336353473
ExtFP277,0.0175739222977009
SCH-6,0.017572305615922
ExtFP866,0.017569141490061634
FP180,0.01756730092663455
GraphFP223,0.01756044053851424
FP104,0.01755760707075952
FP248,0.017545635260390883
ExtFP547,0.017538486972227485
ATSC2m,0.017515405352997195
FP754,0.017514322386508647
ExtFP489,0.017512163230934984
ATSC3s,0.017503846013154634
ExtFP654,0.01749831377255353
GATS7e,0.017494545802583944
MATS6s,0.017491461471263743
GraphFP547,0.017482343500884734
FP148,0.017481298389026307
ExtFP235,0.017473762870134038
FP43,0.017469066472125136
AATS7e,0.017468842482298515
FP963,0.017461275883117477
FP259,0.017459592656062548
FP475,0.01745755931177148
GraphFP567,0.017455375875167024
FP752,0.01744350874907406
FP541,0.017430672739140743
FP504,0.017422005012154428
FP226,0.017418224460458168
ExtFP706,0.0174153021582376
ExtFP573,0.017405897901380078
GATS8c,0.01740579975229626
ExtFP38,0.017403669239109344
ExtFP428,0.017399417953971635
ETA_dEpsilon_B,0.017399205902029244
FP587,0.017389687405156274
GraphFP101,0.017378183116906542
FP86,0.017372208375978006
FP156,0.01736977162411402
ETA_EtaP,0.017346972714771775
GraphFP479,0.017337955988738756
FP228,0.017333318695338093
FP315,0.017325591977421322
GraphFP727,0.017324575053319295
VCH-5,0.017322760122377316
FP997,0.017321511729122732
GraphFP140,0.017316911923718484
ExtFP910,0.017316383066620915
GraphFP782,0.01730270819877895
ExtFP602,0.017288565506673344
GraphFP358,0.01728811333094018
FP859,0.017287214404936375
ExtFP145,0.017284374573993375
ExtFP710,0.01727992254012812
FP777,0.017279460159873954
FP642,0.0172703892958087
GraphFP271,0.01726611929553626
R_TpiPCTPC,0.017258736100170743
ExtFP10,0.017254948736747263
GATS2c,0.01724075658869806
ExtFP714,0.017231628068516875
ExtFP1015,0.017220197152832115
ExtFP882,0.01719692851078614
ExtFP151,0.017196038229409724
ExtFP208,0.017187024888576045
ATSC8p,0.01718215163034517
FP785,0.017180108647604306
FP499,0.017166801991070516
ExtFP796,0.017150505961490745
GraphFP914,0.017149795376962845
FP790,0.01714977293578624
GraphFP635,0.01714788693662466
FP912,0.017145576119748672
ExtFP691,0.017141790536836718
GraphFP256,0.01711822681771674
FP816,0.017110491468548508
FP588,0.017100359105671793
FP948,0.017091340615302784
FP301,0.017080060069734802
ExtFP299,0.017068991434892895
FP886,0.017059475856550255
ATSC0c,0.01704595161812567
FP629,0.01703780270170981
FP147,0.017035151017114603
FP694,0.017027609404686207
FP935,0.017026824115122092
FP196,0.01702559520750193
FP849,0.01701820148386491
FP814,0.017016661832873346
ExtFP633,0.017012939765445968
ExtFP375,0.01701176953486561
ExtFP1012,0.017009937259137877
GraphFP229,0.016985442575695956
ExtFP139,0.016973825280177053
ExtFP728,0.016968874722861092
GraphFP984,0.01696651791735204
FP265,0.016965939910153428
ExtFP407,0.016962842725622936
FP871,0.01694659959335291
GraphFP153,0.016946477304959958
ExtFP938,0.01692283342142613
ExtFP870,0.016919716888169775
FP488,0.016897214838999947
ExtFP934,0.01689696820510746
FP309,0.016890488077348723
GraphFP5,0.016885028187665095
GraphFP136,0.016884785219403894
ExtFP82,0.016878038823993496
FP607,0.016864225059440886
GraphFP397,0.016860646502989227
AD2D549,0.016859040035882657
ExtFP577,0.016852176103644874
GraphFP8,0.016848234329737685
ExtFP387,0.016845187256956017
GraphFP418,0.01684368277586651
ATSC3m,0.016842468447984336
MIC1,0.016840564356048852
FP898,0.016836170784548167
ExtFP912,0.0168341670976035
MATS2m,0.01682711788677149
ExtFP818,0.016810234198281954
GraphFP169,0.016809229421612563
ExtFP778,0.016801100548515482
ExtFP922,0.016797720730791634
ExtFP131,0.01678410954379131
FP824,0.01677767660942863
FP186,0.01677655081543842
ExtFP896,0.016776088125787927
ExtFP202,0.016763648693828365
GATS3e,0.01675914061340727
ExtFP379,0.01675541915214315
GraphFP823,0.016749986028412017
GraphFP368,0.01674252408911321
GraphFP511,0.016740271551335617
GraphFP705,0.01673933483704067
FP263,0.01673570193229374
FP76,0.016727077985011374
GraphFP303,0.01672588057462667
ExtFP746,0.016725531101004686
FP579,0.01672050099088815
GraphFP167,0.016681918234941084
GraphFP450,0.01667544851286797
nS,0.016669679104011962
GraphFP911,0.016664962681455214
FP40,0.016656833544649675
FP251,0.016642275091593762
FP916,0.016642204579207988
GraphFP643,0.016636101690080823
FP339,0.016633215261195388
ExtFP737,0.01662203260633613
FP983,0.016620639245663267
FP343,0.016616346430255204
ExtFP465,0.016611482780015733
AD2D548,0.016599725567671725
SCH-5,0.016587291813307856
GraphFP838,0.016586818928190174
FP324,0.01658591328189693
GraphFP73,0.01657609554684212
FP304,0.016568782143345725
ExtFP976,0.016563077717591385
FP991,0.016555626273209417
ExtFP191,0.016548291752363255
ExtFP177,0.01654798759336252
FP789,0.016529920250641324
ExtFP437,0.01652978365309213
FP32,0.016514747113865552
ExtFP784,0.016512824719075343
GraphFP739,0.016510689113365028
ExtFP278,0.01650500233661256
GATS4p,0.01650114444727976
ExtFP154,0.016493523005023318
ExtFP130,0.016480480137337515
FP858,0.016474268313410784
ExtFP798,0.016469259304117995
FP817,0.01646302350891367
GraphFP522,0.0164548127145816
ExtFP932,0.01645333442120824
ExtFP680,0.01644876668969115
GraphFP144,0.01644868965308379
GraphFP100,0.016445968233002393
ExtFP512,0.01643965981960879
FP290,0.01643935552650672
FP848,0.016433733164496367
FP711,0.016423728550906576
ExtFP64,0.01642073710192571
ExtFP506,0.016418682712981487
ExtFP150,0.016406818973332692
ExtFP103,0.016405524609526625
FP374,0.016402902211409373
GraphFP691,0.01640159789982682
GraphFP554,0.016399696793842435
GraphFP609,0.016397115232924427
ExtFP42,0.016396868724302086
ExtFP834,0.016395041750385947
ExtFP738,0.016394943386085246
ExtFP156,0.016390872208828282
FP276,0.016383299732284348
GraphFP35,0.016381049233420052
GraphFP199,0.01636901828065013
ExtFP286,0.01636212696424277
FP915,0.016357650543099452
FP31,0.016355439372347392
FP38,0.01635456573307677
FP242,0.016346324208454673
ExtFP581,0.016345626753967078
FP895,0.016342891258224745
GraphFP145,0.016342634659908303
GraphFP496,0.01633886448038105
GraphFP364,0.016325220887050892
ExtFP509,0.016324189821537563
FP415,0.016323416956453434
ASP-0,0.01632284794428112
GraphFP489,0.016318792704487016
FP594,0.016317597412115827
FP947,0.01631688471751733
ExtFP989,0.0163026480083691
GraphFP607,0.01628546784720164
GraphFP679,0.016264794561509786
FP866,0.01626478833182572
FP112,0.016262944852487422
AD2D560,0.016260239239886377
ExtFP398,0.016259972974802653
MATS1c,0.016254082091045934
GraphFP664,0.01625151170847087
ExtFP404,0.01625004471697761
ExtFP403,0.01623808609860199
GraphFP487,0.016230276127184935
FP738,0.0162260671040215
ExtFP832,0.016201492510682904
FP546,0.016197746448136846
ExtFP682,0.016197482315323065
FP680,0.016181251005871547
ExtFP59,0.016164233480905822
ExtFP470,0.016162860015230613
ExtFP845,0.016161736418737763
AATSC6c,0.01614655388112876
GraphFP630,0.016142678719803804
FP470,0.016134600552993743
ExtFP765,0.016096525200878488
AATS5i,0.01608723812929711
FP387,0.016087050018736417
ExtFP472,0.016071718660758072
FP195,0.0160691486040888
FP446,0.016065927587085936
FP182,0.016062496709886638
GraphFP68,0.016057828037372417
FP535,0.016047126027293003
ExtFP692,0.016042654851662105
ExtFP110,0.016037427195448914
ExtFP219,0.016037037666209543
ExtFP544,0.016035755780866037
FP783,0.016034077870039777
ExtFP447,0.016031837774375265
ExtFP258,0.016025897228316644
GraphFP955,0.01602482980268801
ExtFP789,0.01601795251823374
AATS8m,0.016007561466405133
FP126,0.015991760465076468
ExtFP963,0.015986289220730806
ExtFP250,0.01598618691368592
ExtFP841,0.015977003556124806
GraphFP485,0.015975930826694292
ExtFP462,0.015968009916398244
ExtFP779,0.015964693942827957
ATSC4v,0.015964582515168357
ExtFP734,0.015954881101596798
GraphFP263,0.015952390128594313
ExtFP83,0.015949458959379426
FP317,0.015945125917302183
ExtFP268,0.015944503638751818
FP820,0.015938045047560565
FP100,0.015932481419488585
GraphFP427,0.015925971647222734
FP275,0.015912709384418182
MDEC-12,0.015910665755373008
AATSC5p,0.015886053691013608
FP982,0.015881475138987668
FP91,0.015879820675793098
ExtFP993,0.015877890491573902
GraphFP490,0.015846168921776146
ExtFP892,0.015833015143559656
ExtFP116,0.015829458187768156
ExtFP443,0.015817339001184875
ExtFP570,0.015814714000607775
ExtFP662,0.015813982387523354
FP702,0.0158085611895992
GraphFP678,0.015799876173098294
ExtFP469,0.015792453825682493
ExtFP283,0.0157917316182986
FP532,0.015787638081823402
FP217,0.01578737584809891
GraphFP972,0.015786761221575907
FP187,0.015784645660409914
GraphFP847,0.015762175891142777
ExtFP211,0.015754436208304277
GraphFP605,0.01574051272823221
FP784,0.015737684283286393
AD2D92,0.01573527660726182
ExtFP89,0.015731074845043866
GraphFP660,0.01573094105746409
GraphFP277,0.01572953794142455
ExtFP65,0.015728527443402345
FP828,0.015728207555848726
RotBtFrac,0.01572474266482694
FP1008,0.015723188832251454
GraphFP255,0.015714198834527345
ExtFP898,0.01570034308594219
ExtFP861,0.01569039360256899
FP1007,0.01568992984940275
GraphFP204,0.01568374847753922
FP42,0.015673630894811493
GraphFP977,0.015669988564325152
ExtFP100,0.015669020869114866
ATSC3c,0.015654485127506647
FP736,0.0156414446598357
FP851,0.015639507907114672
FP35,0.015633871422937613
ExtFP562,0.015609380550410161
ExtFP508,0.015605343256237532
FP999,0.015604374237773534
GraphFP690,0.015603428411497745
ExtFP717,0.01558563242267684
FP962,0.015573596663239648
ExtFP995,0.015570848800762784
FP933,0.015565017270241429
FP581,0.015564774202371973
FP130,0.015561795433213546
FP525,0.015561303188139418
ExtFP930,0.015560120747568943
FP837,0.015552414636606891
FP400,0.015551567606860042
FP73,0.015550703393414139
ExtFP405,0.015547322064193602
ExtFP585,0.015543667966417297
ExtFP32,0.015543550254089386
ExtFP384,0.015543068877699049
ExtFP568,0.015537822803111981
FP964,0.015536748084274049
AD2D402,0.015535981032789643
AD2D324,0.015535182949142145
ExtFP351,0.015532184309009774
ExtFP311,0.015528737755875734
MATS6m,0.015525970399525134
FP198,0.015525393552066372
GATS7s,0.015520753462292852
ExtFP816,0.015516959392784477
ExtFP785,0.015515671834261311
FP897,0.015511194365636102
ExtFP836,0.015499461572914902
FP697,0.01549397345739114
FP172,0.015489692463038211
FP155,0.015488126513484864
ExtFP849,0.01548695684162694
FP872,0.015474604211875109
ETA_Epsilon_5,0.015473147815058017
GATS7m,0.015465706052486095
ExtFP977,0.015464926441997569
GraphFP781,0.015460837451958587
ExtFP646,0.015460676894360655
ATSC5p,0.015447894417299428
GATS3m,0.015447457315692525
ExtFP496,0.015445679276288801
GraphFP964,0.015440416668055937
FP521,0.01543828150446522
GraphFP979,0.01542789897126923
FP363,0.01542272575852212
FP215,0.015421720038511088
GraphFP92,0.01541505415575938
GraphFP426,0.01541345198187459
ExtFP614,0.015397175498909347
FP860,0.015390231984649613
FP349,0.01537425606791145
ExtFP523,0.015373033508054157
GraphFP375,0.015372135785090398
ExtFP968,0.015368336342029377
FP144,0.01535996469424705
ExtFP210,0.015351234309690459
ExtFP935,0.015350137458286058
GraphFP762,0.015339790927343267
MATS2e,0.0153308572822892
ExtFP757,0.015316938520450145
FP692,0.015313242622932077
GraphFP616,0.015281491983553247
FP628,0.015271216020489507
ExtFP569,0.01526687223156566
FP141,0.015266553134531563
MDEN-23,0.015254833386895324
GraphFP695,0.015245128034087195
FP611,0.015222525226655417
GATS6v,0.015220474080769035
FP367,0.015219822776268497
FP550,0.015211233350915798
FP906,0.01521096053162631
FP119,0.015202935119405701
FP454,0.01520179333717729
FP945,0.01519085972777054
FP685,0.015174888288885354
ExtFP521,0.015173305193682787
FP33,0.015169433094915006
ExtFP564,0.015156755235889413
ExtFP520,0.015156301685594103
ExtFP484,0.015154952757323231
FP282,0.015150528519042167
FP978,0.015148770711244465
FP920,0.015146348764205349
ExtFP149,0.015141532723281977
ExtFP524,0.01513067180340935
GraphFP910,0.01512517588416545
FP776,0.015124654205496746
ExtFP75,0.015118481394045685
ExtFP534,0.01510364621882589
nAtomP,0.015102516107033578
FP450,0.015102434605333021
FP666,0.015099237155366992
ExtFP309,0.015091038060412103
FP322,0.01507619054248889
ExtFP867,0.015074351054331548
ExtFP267,0.015071566446027137
ExtFP339,0.015069922303777903
GraphFP307,0.015067467288234587
FP179,0.015064240362478266
ATSC4i,0.015063547750652486
ExtFP812,0.015052132739333996
ExtFP436,0.015045093060934486
FP576,0.015039229831384986
FP673,0.015038865330527302
ExtFP858,0.01503256762466916
ExtFP869,0.015023222392563887
LipinskiFailures,0.015022887102459482
FP540,0.015020851516047217
FP759,0.015019182163277817
FP56,0.015017890573415127
GraphFP852,0.015016933359421659
FP171,0.015013911008491566
GraphFP540,0.015006256052335907
ExtFP176,0.01500090162776492
FP561,0.014990523257164703
FP227,0.014986135387424842
FP900,0.014984385953247303
ExtFP987,0.014978199960386664
FP976,0.014971687010117552
ExtFP936,0.014966842417002833
FP793,0.014966450464626718
ExtFP376,0.014948948065254658
GATS6e,0.01493954827263583
FP545,0.01493458044744221
ExtFP700,0.014933642019413728
FP797,0.01492109132715696
ExtFP725,0.014913934710715239
ExtFP14,0.014913586247841542
GraphFP238,0.01489869458911956
FP568,0.014892734736729673
ExtFP46,0.014891122875188565
AD2D102,0.014875819071939838
AATSC8i,0.01486941059227663
ExtFP797,0.014865897982643534
ExtFP774,0.014861758117246725
ExtFP663,0.014857280898254
ExtFP561,0.014851717630601158
ExtFP231,0.014847760247372641
ExtFP418,0.014838224077748936
GraphFP116,0.014831970223896455
ExtFP810,0.014826179748156412
ATSC1e,0.014823739919874887
ExtFP334,0.014819743012483027
FP994,0.01481262004804098
ExtFP653,0.014810320528641155
FP77,0.014803076530343063
FP133,0.014796336774726394
FP424,0.014794445043349265
ExtFP493,0.014789972000578343
GraphFP763,0.014786438555434971
ExtFP705,0.014782295539317189
ExtFP913,0.014770080364676825
ExtFP203,0.014769386831576298
FP966,0.014765291601452393
ExtFP207,0.014762894489814351
ExtFP532,0.014761826968714375
FP562,0.01475157867629383
AATSC6p,0.014743513576813666
FP379,0.01473976601595581
FP129,0.014735414176042865
FP585,0.014731649399434641
ExtFP121,0.014730208612464962
FP515,0.014716101782171816
GraphFP817,0.01471535811403759
ExtFP855,0.014697151481842754
ExtFP303,0.014693328821925217
GraphFP788,0.014692981356663602
AD2D628,0.01469250905529982
FP39,0.014686938544455604
ExtFP107,0.014676318136926998
ExtFP53,0.01464971938382486
ExtFP632,0.014649684682096174
GraphFP769,0.014642990860641157
FP114,0.014640955323705395
GraphFP317,0.014636284757078042
FP869,0.014630786659759053
ExtFP783,0.014621453807838063
ExtFP643,0.014605971967964705
FP107,0.014605474050423735
GraphFP59,0.014594577830674079
FP679,0.014589233205014918
ExtFP289,0.014584372389637376
SIC0,0.014580599134305924
ATSC6i,0.014580184230095793
ExtFP298,0.014565235752687174
FP258,0.014562918260863372
GraphFP175,0.014560164607888271
GraphFP488,0.014553687465899103
FP528,0.014539082972084836
GraphFP20,0.014531477834247422
ExtFP35,0.014531043813552596
AATS5m,0.014528114074370196
ExtFP535,0.014525166266241108
FP940,0.014524324612378675
FP405,0.01452192887339366
FP413,0.014511303815084396
ExtFP516,0.014511230856516247
ExtFP417,0.014505005884799591
ExtFP594,0.01449798588626014
GraphFP734,0.014494027912817228
AD2D325,0.014491144309837032
AD2D483,0.014489886563422271
FP942,0.014480639692339092
ExtFP583,0.014451165901482958
VC-4,0.014440119098924332
FP313,0.014431197671411034
ExtFP126,0.014425085084153381
ExtFP860,0.014407837819115001
FP595,0.014404446270892159
ExtFP371,0.014393751606062242
ExtFP915,0.01439078157108158
ATSC7c,0.014385548170915488
ExtFP688,0.01438549098553462
FP733,0.014372931450939326
GraphFP155,0.014372260022214827
FP78,0.014369446026083334
FP221,0.014365479808025498
ExtFP754,0.014364931352068226
ETA_AlphaP,0.0143595175419165
GATS1c,0.014359345987834608
GraphFP432,0.014342540965782696
GraphFP498,0.014336043894574449
FP442,0.014310135018688113
FP653,0.01430278245923988
FP825,0.014295453663676707
ExtFP328,0.014291156014677937
FP887,0.01428300529756184
ExtFP412,0.014273864179416083
GraphFP1002,0.014265310379294236
AD2D648,0.014263888355639682
FP667,0.014258084177703589
GraphFP967,0.01423563435255406
GraphFP703,0.014231445971352832
AD2D470,0.014226362414821812
FP513,0.01422206067910941
FP294,0.014220478283247004
FP222,0.014209522432253806
ExtFP813,0.014199094340080466
ATSC2v,0.01419619012439466
GraphFP912,0.014189662639155508
GraphFP110,0.014179724687801338
GraphFP93,0.014173744497763392
FP131,0.014171608498723348
GraphFP72,0.014168159905614007
FP352,0.014163138945002617
GraphFP586,0.014140030894794384
FP83,0.014136225554784288
FP463,0.014133268175274492
GraphFP721,0.014124267963569265
ExtFP767,0.014123428771855143
GraphFP548,0.014123230648276091
ATSC5s,0.01412095055355619
RotBFrac,0.014120879324892735
FP971,0.014115399620665993
FP8,0.0141077047384531
FP210,0.014103565241872026
ExtFP616,0.014102198225611337
GraphFP1021,0.014101668849062353
AATSC6v,0.014098980276146946
GraphFP183,0.014093852209276603
FP519,0.014084139865995859
ExtFP142,0.014083873871476998
FP113,0.014078923117852263
GraphFP330,0.014074351882792843
FP166,0.014072893348001759
MDEN-22,0.014068361384104824
ExtFP167,0.014064499635210115
ExtFP420,0.014060895485206736
GraphFP482,0.014053553936834686
GraphFP746,0.014046161591136105
ExtFP613,0.014033155231842558
ExtFP178,0.01402766120880577
FP380,0.014022856322402903
ExtFP26,0.01401316052375965
ExtFP589,0.014010005568534364
FP245,0.01400517087961248
ExtFP205,0.014004032717108636
GraphFP642,0.013990091018490247
FP418,0.013973162854658662
ExtFP716,0.013972402243404469
ExtFP874,0.013967193941171036
ExtFP186,0.013958960602214708
ExtFP442,0.013945873250929277
ExtFP382,0.013942427794243695
FP751,0.013938917425776794
FP68,0.013938846819344264
ExtFP370,0.013935553631197079
AD2D413,0.013933106200812041
GraphFP546,0.013931491773651966
ExtFP610,0.013925246513565533
ExtFP899,0.01392066187954702
ExtFP908,0.013917910243989364
ExtFP681,0.013917341568187705
ExtFP580,0.013906488283976278
ExtFP891,0.013903070991125534
ETA_Shape_Y,0.013900868104092644
ExtFP850,0.013896777617307404
FP219,0.01389653893992298
FP805,0.013889775237571362
GraphFP557,0.013886627055191067
GraphFP323,0.01388515176666641
GraphFP796,0.013882269726341996
GraphFP834,0.013877357444699184
FP54,0.013873267466160326
ExtFP237,0.013873188833550395
ExtFP111,0.013871048843614328
GraphFP770,0.013866016608892072
ExtFP333,0.013852880942540252
FP136,0.013844901411036146
ExtFP434,0.01383356546641982
ExtFP921,0.013833324448604363
ExtFP344,0.013831157475009003
FP600,0.013828882969514077
GraphFP919,0.013821479977143978
ExtFP423,0.013819563839048653
GraphFP243,0.013818357234718349
ExtFP209,0.013812270754897927
GraphFP797,0.013808766226157631
FP655,0.013799032788630698
ExtFP37,0.013775656954866787
GraphFP133,0.013772598599187492
FP822,0.013770641488036743
ExtFP381,0.013770154410235248
FP289,0.013753612416891442
FP108,0.013752330583072764
ExtFP626,0.013751603309092034
ExtFP983,0.013747692767595984
ExtFP606,0.013733877223673339
FP674,0.013715148819279557
FP483,0.013710395771124626
ExtFP760,0.013708309558181635
ExtFP380,0.013706782874393454
GraphFP841,0.013695937413746466
ExtFP249,0.0136911091499083
FP767,0.013688541757594232
FP977,0.013685144927605036
GraphFP275,0.013681972065542562
ExtFP490,0.013669900242497837
FP462,0.013650114630283705
GraphFP362,0.013650020577816849
FP806,0.013644567498166367
FP716,0.013631617654264612
ExtFP287,0.013623644879231001
ExtFP676,0.013621275812636854
ExtFP127,0.013617727810331864
ExtFP758,0.013615209608672529
GraphFP662,0.013612963678454566
ExtFP565,0.01360385523990864
ExtFP611,0.013595338304498585
FP531,0.013594774176483216
GraphFP221,0.01359427125755254
GraphFP551,0.013592053289345339
ExtFP158,0.01358664140258994
GATS4i,0.013585339500379386
ExtFP378,0.013584700547229586
ExtFP218,0.013582972918614648
FP763,0.013563683890574434
FP853,0.013545673629504689
FP460,0.013542732871225191
GraphFP938,0.013541544009294415
AD2D12,0.013539014556532735
ExtFP999,0.013533960237812583
ETA_dEpsilon_D,0.013532474520510089
FP206,0.013525257888809185
GraphFP103,0.013524477530465432
FP926,0.013524317641047638
FP726,0.013522883811184709
FP121,0.013519356663792791
SIC3,0.013517511011041487
ExtFP956,0.013517431906436485
ExtFP173,0.01351427869535
ExtFP531,0.013513449512466394
ExtFP483,0.013509928855984569
GraphFP134,0.013508837308788131
FP397,0.01350870691519146
ExtFP647,0.013499751247266803
ExtFP291,0.013496464776102113
GraphFP893,0.013494549382173326
FP408,0.013491476870942615
ExtFP853,0.013488213137245785
GraphFP534,0.013481310666364507
GraphFP319,0.013480672382680059
FP286,0.013479778764896023
FP79,0.01347761980571188
FP821,0.013467243875569567
GraphFP289,0.013465667762242254
AD2D392,0.013465650046914156
ExtFP120,0.013464846374840972
GraphFP268,0.01345556115655339
ExtFP612,0.013454990469806881
ExtFP19,0.013426429074178518
AD2D639,0.013420863463230672
GraphFP744,0.013417751745824066
ExtFP62,0.013413762952390941
GraphFP57,0.013410419793352456
AD2D418,0.013407372384899481
ExtFP819,0.013395556813919587
FP847,0.013390615633018415
GraphFP347,0.01337949247077438
ExtFP857,0.013372650750989569
FP523,0.013369342782440913
FP649,0.013366461707430027
FP834,0.013355428902993481
ExtFP530,0.013354018509583617
FP844,0.01335116129036128
FP312,0.01334742724250437
ExtFP41,0.013338832988025334
GraphFP318,0.013335973598829091
FP23,0.013329647626546245
FP152,0.013316655091161185
FP566,0.013311291538059229
FP325,0.013307929080099245
ExtFP449,0.013304162996213991
AATSC4c,0.013295261546587743
GraphFP526,0.013294927535058487
FP298,0.013291393823361333
GraphFP582,0.013289426334394902
ExtFP192,0.013275063530432974
FP320,0.013271840542838515
ExtFP226,0.013263186910654123
GraphFP203,0.013262388826602784
ExtFP988,0.013262173331200434
ExtFP939,0.01325950452545378
FP51,0.013249496282866468
ExtFP763,0.01324622814363172
GraphFP848,0.01324009992774576
ExtFP137,0.01322988185762022
ExtFP693,0.013221264694351604
FP930,0.013207520235963287
GraphFP832,0.013204125098518054
ATSC8v,0.013196255100875845
ExtFP526,0.013194706766013774
ETA_dAlpha_A,0.013192481410916343
ExtFP708,0.013189501330319967
FP134,0.013183428617796816
FP720,0.013181450528475566
FP842,0.013180452551318372
GraphFP361,0.01317688544760439
FP570,0.013173142309810506
FP437,0.013170832832289819
FP303,0.013140715664407967
FP846,0.013139999417611558
ExtFP220,0.0131319991677403
ExtFP473,0.013129160370580577
FP850,0.01312358003455318
FP786,0.013119400092481167
FP998,0.0131002060340281
GraphFP888,0.013099539124743795
ExtFP330,0.013095743097239437
GraphFP425,0.01309451845200884
FP384,0.01309270134211001
FP36,0.013090786313734195
AD2D559,0.013084481830103786
ExtFP362,0.013081254643984947
ExtFP105,0.013064113179600389
ExtFP460,0.013062017809570902
FP457,0.013051566301607103
ExtFP254,0.013047722733484562
ExtFP598,0.0130408159128268
ExtFP851,0.013039669502818072
FP71,0.013036339587291657
nBondsT,0.013035654377339083
FP41,0.01303288391155826
GraphFP24,0.013009869289883357
FP796,0.013003323869925042
GraphFP41,0.012992104695607173
ExtFP60,0.012987574611135994
GraphFP466,0.01298587413506751
FP676,0.012983143152494905
AATS0e,0.012969403788985496
ExtFP77,0.012968455355552693
GraphFP290,0.012953667142974797
ExtFP894,0.012944330041499155
ExtFP341,0.012937395827371391
ExtFP494,0.012934873800297564
FP230,0.012927342615487152
GraphFP400,0.012918656685853392
ExtFP868,0.012912161677203701
C1SP3,0.01290996619301954
GraphFP154,0.012909239567546802
ExtFP837,0.012907640928191006
FP250,0.01289822847590709
ExtFP949,0.012880643713036547
FP299,0.012875222719799967
FP672,0.012868145498612678
GraphFP89,0.012863199113711022
ExtFP876,0.012863078131282152
FP506,0.012859796067616856
ExtFP4,0.012858629698794291
GraphFP265,0.012853723159991965
ExtFP372,0.012847713158569614
FP417,0.012839976339708667
FP770,0.012832406149781211
FP15,0.012832292355456337
FP28,0.01282959695028877
ExtFP966,0.012828597890066549
ExtFP604,0.012826541200064403
AD2D704,0.012826444473673771
ExtFP345,0.012818995342819644
FP845,0.012817136142381533
GraphFP564,0.012812638200027857
FP877,0.012811818321428525
ExtFP911,0.012801469537515864
ExtFP839,0.012787927010030965
FP612,0.012787544868024112
GraphFP921,0.012780323857603632
FP826,0.012778385821472556
ExtFP361,0.012773751898949148
FP430,0.012772451957014437
FP527,0.012768970595560309
AD2D735,0.01276575418762289
ExtFP112,0.012761972822571483
FP914,0.012750828355128143
AD2D491,0.012748531339539309
ExtFP358,0.012748436494233392
ExtFP481,0.012746524951491311
ExtFP391,0.012744538278609378
FP341,0.012739146386255869
FP480,0.012733933805236153
SM1_DzZ,0.012727828330742099
ExtFP266,0.012727246120725778
ExtFP557,0.012718738153204744
ExtFP764,0.012713556344087974
GraphFP800,0.012709797960808681
FP474,0.012706883454131278
FP426,0.012701793220718122
GraphFP803,0.012697767896034322
SM1_Dzs,0.012696564401619917
ExtFP1011,0.012695183724377699
ExtFP56,0.012681559984169753
ExtFP865,0.012676815856259016
ExtFP801,0.012674776880511048
GraphFP228,0.01266817531106479
FP123,0.012668106964331016
FP383,0.01266359047362748
GraphFP1014,0.012660484554130737
FP244,0.012655754450495807
FP82,0.012652771230122078
FP924,0.01265140888196999
FP670,0.012651075147360188
ExtFP411,0.012650257554194409
GraphFP726,0.012639594788866046
FP444,0.012634701284570875
FP447,0.012631139658217543
FP756,0.012629319755764604
FP175,0.01262887076216888
ExtFP140,0.01262586048180319
ExtFP146,0.012624779369200229
FP522,0.012616567021859475
ExtFP337,0.012615757015501973
FP490,0.012608515947007789
FP643,0.012608357183755092
GraphFP286,0.012607529352152994
ExtFP726,0.012603427198664634
FP284,0.012602859274598565
FP553,0.01259748202902709
FP918,0.012588574076790461
FP431,0.012583258507580781
ExtFP294,0.012579523354790912
FP477,0.012577892565740259
ExtFP791,0.012576818490833093
FP476,0.012572696226501822
ATS0m,0.012555956502881532
ExtFP152,0.01254490695862355
GraphFP653,0.012540456499954649
AD2D482,0.012539625648748635
FP170,0.012535772677432378
FP164,0.012533159351653512
ETA_Beta_ns_d,0.012524486828682107
FP59,0.01252231930455922
ExtFP66,0.012521187708095002
GraphFP454,0.012515603839525066
FP277,0.01251260516116447
FP223,0.012507330741912313
SC-4,0.012505869374926386
GraphFP258,0.01250535468828098
FP710,0.01250253252798314
FP813,0.012493482973800039
GraphFP269,0.012491162228037667
GraphFP523,0.012481954406627794
GraphFP837,0.012480976442000639
GraphFP651,0.012470446833021889
ExtFP707,0.012466369023450271
FP310,0.01245483598442505
GraphFP733,0.012453873857236739
ExtFP719,0.012445190289234579
FP1005,0.012440093712922609
FP466,0.012433796888212311
GraphFP353,0.012433042025238471
ExtFP468,0.012424612974524813
ExtFP533,0.012423967874300078
GraphFP981,0.012423141598689345
ExtFP586,0.012419522926958972
GraphFP411,0.012417418612890918
ExtFP607,0.012403725675687897
ExtFP771,0.012395229006746292
GraphFP328,0.012382272980826106
ExtFP67,0.012373145155788566
FP993,0.012371692310211808
FP165,0.012368727503990248
FP586,0.012367780377772399
ExtFP215,0.012367391322393098
FP239,0.012367122513872085
GraphFP943,0.012365394168391304
ATSC5i,0.012362439737937263
AATS8i,0.012359409114748744
AD2D638,0.012352519300010193
FP297,0.012344414118497925
ExtFP634,0.012341936946648955
ExtFP467,0.012337284668693459
FP192,0.012335389686697767
GraphFP128,0.012332440868639074
FP723,0.01232053276485
GraphFP730,0.012320188142491088
FP547,0.012318877283749634
FP565,0.012318605856643608
ExtFP109,0.012317941566037674
GraphFP356,0.012311486718787604
ExtFP315,0.012305024804795351
GraphFP137,0.012295406216239695
ExtFP905,0.012294015088811304
FP967,0.012292849571725255
ExtFP762,0.012287656170049698
AD2D259,0.012286442483387582
GraphFP475,0.012285956934738128
ExtFP739,0.012279320913239102
ExtFP667,0.012278925397850337
FP836,0.012274091576815613
ExtFP951,0.012267745407219175
GraphFP83,0.012257668996356236
ExtFP7,0.012254549040121998
FP224,0.012252506211015268
GraphFP171,0.012251757675382207
GraphFP335,0.01224778093334871
ExtFP306,0.012238542625347869
ExtFP400,0.012237271806104965
ExtFP808,0.01223696185339953
GraphFP1012,0.01223633452676132
ExtFP13,0.01223379850606373
FP468,0.01222963849491538
FP708,0.012227377187356104
MDEN-12,0.012226359095380366
FP779,0.012223977013972251
MDEN-11,0.012223826910914759
FP1022,0.012206162068759711
GraphFP883,0.012205191917592973
ExtFP537,0.012204508342862247
FP701,0.012203696663286155
ExtFP595,0.01219059095459361
FP753,0.01218673142279107
ExtFP18,0.0121842240414087
ExtFP395,0.012178630085917679
FP659,0.012176089986865597
FP13,0.012175900689703999
GraphFP509,0.012171678169762482
GraphFP357,0.012167690642247615
AATSC7v,0.01215936161076967
ExtFP279,0.012158065784351356
ExtFP179,0.012152979785480626
AD2D561,0.012152201701719496
GraphFP924,0.012147013899256525
FP772,0.012145166296233327
FP995,0.012132583201420131
ExtFP350,0.012117495422499888
FP648,0.012117292420045594
AD2D415,0.012110228827968377
FP1001,0.012109307101855536
ExtFP414,0.012108283636172343
GraphFP876,0.012104695226814875
GraphFP748,0.012101559265128313
ExtFP727,0.01209310630559068
ExtFP795,0.01209015154035125
ExtFP422,0.012086665732173629
ExtFP147,0.012082526654595875
ExtFP830,0.012077225245560144
FP719,0.012071215393041897
ExtFP621,0.01206938817728764
ExtFP479,0.012065201857845542
ExtFP955,0.012065021098129267
GraphFP235,0.01206490740231932
ExtFP600,0.01206370831383987
AD2D171,0.012063014474643686
FP882,0.012061691357984843
ExtFP129,0.0120611275234985
ExtFP618,0.012057703761180155
FP1,0.012056570464973463
ExtFP102,0.01205573534337743
ExtFP164,0.01204685388754139
FP1010,0.012040179864468085
FP943,0.012039784989771658
FP243,0.012039097810659604
ExtFP498,0.012033613503943162
GraphFP148,0.012019271715941448
FP936,0.012019088852292173
ExtFP122,0.01201742784400703
FP55,0.012016204889479132
FP949,0.01201247302777605
FP959,0.012011919437777248
GraphFP514,0.012011717429039821
FP709,0.01200901176888781
GraphFP380,0.012006254743295973
ExtFP115,0.012004797195702833
GraphFP84,0.012003711981553136
GraphFP816,0.012002111289386727
FP892,0.012001702858387822
AATSC5v,0.01200132436735484
GraphFP311,0.012000762350657682
ExtFP978,0.012000153035243816
GraphFP675,0.011998853207547424
GATS6s,0.011992599558983524
ExtFP629,0.011991567483829268
ExtFP427,0.011982493370746397
nBase,0.011971255308322737
FP627,0.011960396927729648
GraphFP355,0.011947042881213862
FP389,0.011942566181707399
ExtFP71,0.011938690319826669
FP178,0.011934267186548733
AD2D625,0.011931167572140806
GraphFP725,0.011924178267612478
GraphFP792,0.011921247382126193
GraphFP48,0.01191592153810683
FP791,0.011901820420922934
ExtFP87,0.011900279183674105
FP698,0.011899965575656984
GraphFP270,0.011872117663393978
AD2D189,0.011869639884038679
FP917,0.011868908070212278
ExtFP454,0.01186587511628717
FP293,0.011861158134685374
GraphFP822,0.011849995382130211
GATS1s,0.0118464031745327
ExtFP940,0.01184275716172219
ExtFP280,0.011841343057856548
FP567,0.011837389832170584
GraphFP915,0.011829994946662415
ExtFP556,0.011809282050814458
GraphFP417,0.011798857090000047
ExtFP695,0.01179273343028386
FP792,0.01179128150413955
GATS6m,0.011789446730231024
ExtFP416,0.011780147001303188
AD2D716,0.011772396269496494
AATS4v,0.011771608357986105
AD2D247,0.011755993329226836
FP873,0.01175477996027534
FP992,0.011736260834954793
FP369,0.011724977747718893
GraphFP884,0.011715490890400668
GraphFP909,0.011715463787924698
GATS3c,0.01170771979372202
ExtFP392,0.011703606765673866
ATSC4c,0.011700915500601379
ExtFP820,0.011695925396530842
FP472,0.011691916101308687
FP950,0.01166609933719137
GraphFP292,0.011663994165599975
FP529,0.011663983863936432
FP1017,0.011659548328858639
AD2D314,0.011657822471767974
AATSC6m,0.01164895105938438
FP139,0.011644355906156418
nBondsD,0.01164050800993367
ExtFP640,0.011629345246566855
ExtFP180,0.011626785212000336
FP47,0.011625857665679914
FP730,0.011624098038170272
FP396,0.011618063873386007
ExtFP609,0.01161660352138754
FP517,0.011613292837542883
ExtFP972,0.011600747394412709
ExtFP69,0.011599064020524226
FP660,0.011597137817779648
ExtFP852,0.011595085016207247
ExtFP510,0.011591028035490804
GraphFP871,0.011587249018469888
ExtFP189,0.011576008308235792
FP271,0.011575642016263172
ExtFP709,0.011566283484247078
FP240,0.011566018117314097
ExtFP686,0.011563951245939934
FP668,0.011561391739657858
FP125,0.011558298793238329
ExtFP552,0.011556119015190538
ExtFP198,0.011556113481680678
ExtFP76,0.01155566314252969
FP461,0.011547707322811615
ExtFP953,0.011533902328478927
ATSC2e,0.011525178679198111
FP241,0.011520832202071184
ExtFP971,0.011519441900870649
ExtFP752,0.01151833441951353
ExtFP549,0.011517326355166144
GraphFP778,0.011512291601088322
BCUTc-1h,0.011509684248787922
FP665,0.011507691556222506
MDEC-22,0.01150562041279828
GraphFP810,0.011503413169820552
ExtFP753,0.011495114214900326
FP234,0.011491806573454551
ExtFP916,0.011491461356785545
FP49,0.011491296731078921
ExtFP986,0.01149073073854294
GraphFP354,0.011468096771088874
AATSC5e,0.011465049869099074
GraphFP320,0.011460885317893653
GraphFP562,0.01145907411499797
FP48,0.011457674512187594
FP919,0.011455119917911576
GraphFP524,0.011442320737360727
FP865,0.011434098760913647
FP190,0.011427616921868534
ExtFP605,0.01142527894829727
GraphFP785,0.01142521225634794
ExtFP658,0.011422849604094223
ExtFP670,0.011418354148263194
FP253,0.01141720545110411
ExtFP225,0.011408671847727946
ExtFP844,0.011402609727334997
GraphFP674,0.011390870221079034
FP558,0.011389439031011651
ExtFP959,0.011386990871913532
FP412,0.011385825104721699
GraphFP267,0.011385668000541176
GraphFP222,0.011384305192581098
ExtFP321,0.01138387886682287
FP365,0.011358765043298656
GraphFP197,0.011349666947687322
FP862,0.01133483862995273
GraphFP29,0.011333902839666255
FP159,0.011332829284217909
FP911,0.011329466892522436
nAtomLC,0.011326364849578606
GraphFP978,0.011319993566162319
ExtFP17,0.01131964968162878
ATSC5v,0.011303700087793528
FP157,0.01130074461366773
GraphFP648,0.011298501236481552
ExtFP133,0.011294347604028704
VE2_Dzs,0.011282057591107874
FP615,0.011278800353722916
GraphFP856,0.01127295960098639
FP724,0.011270470929548944
ExtFP962,0.011266338303543144
ExtFP474,0.011251041379339903
AD2D181,0.011223334382399253
AATS4p,0.01122236944658824
FP95,0.011210704655307019
ExtFP128,0.011209951870924308
AATS3s,0.011209082160571761
GraphFP254,0.011204438781244403
FP189,0.011203517308460254
AATSC8s,0.011196230167572173
FP355,0.011195930349828312
FP758,0.011187886303781848
ExtFP846,0.011187240779428453
GraphFP761,0.011155272288806849
AD2D547,0.011141497879882063
FP707,0.011140159094784994
FP382,0.011139196476579091
FP489,0.011133301913254581
FP17,0.011122387753330257
FP288,0.011082319025468726
AD2D729,0.011081094612302292
FP479,0.011079996479035917
ExtFP655,0.011074846989969557
AD2D725,0.011074082129634342
SIC2,0.011066863238710915
ExtFP582,0.01105532905271277
FP975,0.01105367026961867
ExtFP872,0.011034433937481438
FP34,0.011026929676352899
FP411,0.011007625065114298
FP368,0.010998773789009684
GraphFP704,0.010992806864659786
GraphFP920,0.010983401811289966
GraphFP344,0.010976898359472062
GraphFP232,0.010955206949179754
ExtFP245,0.010951545339073165
GraphFP117,0.010948855925147423
ATSC6v,0.01093875322256276
ExtFP957,0.01093609682453304
FP199,0.010928320979608077
GraphFP683,0.010928004081608066
FP93,0.010922578468829613
GraphFP245,0.01092236424875389
ExtFP599,0.010919041591982882
FP331,0.010914078442743638
ExtFP190,0.010906093085530607
GraphFP961,0.010901271714940507
FP534,0.010899320507890322
ExtFP385,0.010893982851715493
ExtFP271,0.010885243959917409
GraphFP578,0.010882299159724981
FP798,0.010876796593645842
FP109,0.010875173046707253
GraphFP377,0.01087290814350217
nRotB,0.010871529969047847
FP116,0.010869248211222452
GraphFP497,0.010868209498884793
FP11,0.010867313275184722
GraphFP296,0.010858932794616399
AATSC7i,0.010852278680441758
FP70,0.0108411372374416
ExtFP625,0.01084022229482459
GraphFP650,0.010839046792918637
ExtFP904,0.010827452447702477
ExtFP125,0.010823485925682762
GraphFP887,0.010813125630928986
ExtFP873,0.010810698993357626
FP1014,0.010807376984925546
FP645,0.010800237398500279
GraphFP853,0.010789439347266812
AATS7m,0.010764184409280455
GraphFP1005,0.010751087785490837
AD2D657,0.010749925173281322
AD2D337,0.01074548036791076
GraphFP686,0.010741972393581604
ExtFP300,0.010741865858515807
FP270,0.010741650469955937
ExtFP990,0.010736860365094733
FP174,0.010735483022022166
nO,0.010732874774165674
FP401,0.010730245673841534
ExtFP275,0.010730093005663195
ExtFP406,0.010718559950585922
ExtFP478,0.010717960684623436
GraphFP684,0.010706099523372127
C3SP3,0.010698463823115479
ExtFP12,0.01069827514086837
ExtFP206,0.01069819818972836
GraphFP423,0.010692401608186877
ExtFP674,0.010688328317354081
FP518,0.010687788692840714
FP372,0.010686528352764957
MATS4s,0.010686401951395088
GraphFP583,0.010683187568514002
nF,0.010682568724188617
FP1020,0.010677133398231677
ExtFP638,0.010672847375371495
ExtFP314,0.01067183473431487
GATS5s,0.010668828492239596
AD2D705,0.010667353249864618
GraphFP173,0.010636281667967812
GraphFP501,0.010635556544353544
FP577,0.01062892956723795
GraphFP575,0.010618661088956172
FP543,0.010614827302248896
ExtFP323,0.010596547338574762
FP725,0.010595832751427094
ExtFP242,0.010595719301997706
FP30,0.010587925062817683
BCUTw-1h,0.010587826730520656
ExtFP551,0.010587472508822218
FP385,0.01058726309586115
JGI8,0.010584892843295522
AATS5s,0.010583786894372256
FP621,0.010583667271929062
ExtFP68,0.010582409351439245
ExtFP174,0.01056348518746037
ExtFP657,0.010557312834385737
GraphFP431,0.01055680675658614
FP884,0.010553412480011017
GraphFP574,0.010550548355853116
FP944,0.010543428490189088
ExtFP352,0.010543183573352394
FP208,0.010538174566491733
FP812,0.010537703489528979
FP881,0.010535165539056675
FP25,0.010525398806581461
ExtFP431,0.010523597036271325
ExtFP222,0.01050778365722306
FP256,0.010505194604002382
FP495,0.010504487610884936
ExtFP1016,0.010502624588484022
FP636,0.0105003364948588
ExtFP829,0.01050001807591746
ExtFP664,0.010498108515272619
GATS1i,0.010492553288324935
GraphFP990,0.010492320385552423
ExtFP136,0.010489038618794758
GraphFP125,0.010483666798762083
GraphFP109,0.010475405185044109
AVP-0,0.010473772476500772
GraphFP349,0.01046968758154944
GraphFP14,0.010467864410872243
GraphFP715,0.01046653829681415
ExtFP856,0.010462727507906472
AD2D486,0.010455290555856164
FP356,0.010450261305914433
FP1002,0.010445151969200686
FP177,0.010441664793204733
GraphFP952,0.010436531589775196
ExtFP579,0.01043307997072806
ExtFP994,0.010426757780693553
MATS4m,0.010420359424229647
AD2D169,0.010417142200924882
GraphFP640,0.01041207535095327
ExtFP769,0.010406707098792718
GraphFP602,0.01039703169737792
GraphFP510,0.010392780746482838
FP989,0.01037804623282735
ExtFP195,0.010360523376620988
FP938,0.010360170251225074
FP127,0.010352032729851635
GraphFP340,0.010346796214428059
FP201,0.01033991612901014
ExtFP628,0.01033158135464699
FP593,0.010328765684229198
GraphFP283,0.010322298392762068
ExtFP172,0.010319002461541792
GraphFP985,0.01031816370770548
GATS2v,0.010307044456548318
GraphFP166,0.010299783293086007
GraphFP682,0.010297406453703084
FP87,0.010293788527185824
GraphFP519,0.010288239328186127
FP958,0.010281243398004802
ExtFP124,0.01028022637153656
ExtFP652,0.010278979295856736
GraphFP6,0.010277267307560204
ExtFP992,0.010276097306805808
GraphFP130,0.010265400810629013
GraphFP663,0.010261343115652638
GraphFP90,0.010260091428279532
GraphFP969,0.010255874024572955
FP502,0.01025205958620857
ExtFP117,0.010250061916704903
GATS5e,0.010249386984167743
GraphFP120,0.010248207247250661
GraphFP312,0.010245415543984174
FP855,0.010234093976475126
FP706,0.010230746112644885
FP373,0.010227518150635936
ExtFP194,0.010226008150022982
ExtFP480,0.010216331849816913
FP422,0.010210863930794213
ExtFP397,0.0102065939481269
ExtFP52,0.010202322092885796
ATSC7e,0.010190376893826285
GraphFP108,0.010184930574879797
ExtFP316,0.010180289087575234
GraphFP198,0.01017866250264576
ExtFP234,0.010174164982346521
FP188,0.010168203296762792
ExtFP230,0.01016609147468921
FP617,0.01015926060799915
FP605,0.010156749703173939
ExtFP505,0.010151051305310525
FP375,0.010144843185918328
ExtFP170,0.0101427230321998
GraphFP996,0.010140683672519007
GraphFP212,0.010140347785022692
GraphFP892,0.010140197066555933
FP968,0.010138659370207023
FP637,0.010132448191329014
GraphFP669,0.010130105218488483
AD2D481,0.010128412274891085
GraphFP927,0.010128068822108812
ExtFP790,0.010127982569557627
GraphFP13,0.010119831911324808
ExtFP482,0.010115350940789386
AD2D184,0.010097842292435823
FP45,0.010092612807606679
FP597,0.01007613360551102
FP72,0.010074876499834344
ExtFP213,0.010068207722765546
ExtFP862,0.010065347372831157
GraphFP170,0.01006254704340287
GraphFP25,0.010052440646302552
FP598,0.010042753855285204
FP1009,0.01003223996900868
FP795,0.010031066767929649
GraphFP599,0.01002125902773984
GraphFP38,0.010017616974200262
AATS6e,0.010006424925834395
ExtFP768,0.010005238088501128
AATS1m,0.010004621970023646
ExtFP93,0.00999603802615646
ExtFP543,0.009991376875891576
MATS3s,0.009989145190532095
GraphFP495,0.009982130222267361
ExtFP476,0.009972787291800117
ExtFP99,0.009947814913879091
ExtFP214,0.009931755123424093
GraphFP533,0.009919113328214726
FP4,0.009905611045856735
FP260,0.009905043391449445
FP764,0.009898591622204909
FP833,0.009891964794539316
FP354,0.009891222150437806
ExtFP354,0.009887266463056637
ExtFP413,0.009872284550301674
ExtFP742,0.009870148910974553
ExtFP503,0.009870069093520614
GraphFP63,0.009869844133888863
AD2D408,0.009865111013075845
ExtFP453,0.00986342910693184
MDEO-12,0.009859698939471247
GraphFP337,0.009847284273127789
ExtFP326,0.009842166636452314
ExtFP163,0.009815051765427737
FP713,0.009809543985423271
ExtFP942,0.009805416702443429
AATS5e,0.009804498128005875
GraphFP701,0.009803471752046525
GATS6p,0.009795744391259685
ATSC8s,0.009793605947631966
GraphFP568,0.009792404811715243
ExtFP689,0.009791229954480321
GraphFP217,0.009788081223125052
GATS3s,0.0097686885338326
GraphFP493,0.009768088947429828
GraphFP401,0.009763490658827112
FP377,0.009761749562659213
ExtFP233,0.009756350403889703
FP823,0.009756133441373147
GraphFP250,0.009747335302273598
JGI4,0.009747248754869053
ExtFP502,0.009745632825512461
ExtFP780,0.009731244118159238
GraphFP168,0.009727114785580929
ExtFP722,0.00972383576370559
GraphFP878,0.00971866412982793
GraphFP214,0.009718323511937594
GraphFP164,0.009703660034492525
ETA_EtaP_B,0.009701103316794007
ExtFP88,0.009700458541112922
FP516,0.009699531505573962
ExtFP377,0.009690701849568472
FP896,0.009671014105943704
GraphFP34,0.009666079403697646
ExtFP926,0.009652539805037932
ExtFP310,0.009651389125348055
ExtFP590,0.009638731095467614
ExtFP257,0.009637556782616819
ExtFP636,0.009629649062427758
FP878,0.009628984240713285
FP774,0.009625691636382838
FP414,0.009623778757097056
AATS8s,0.009622490788775584
GraphFP843,0.009620833600358437
ExtFP642,0.009609334259981932
ExtFP491,0.009602014469793104
ExtFP822,0.009599650720092046
ExtFP424,0.009593311477669281
AD2D631,0.009583937359137
GraphFP973,0.00958292908886214
GATS7c,0.009576009193824706
FP533,0.009573950724757911
GraphFP594,0.009568844742201859
ExtFP574,0.009558467557837208
GraphFP142,0.009556068474245394
GATS2s,0.009553083962196614
FP760,0.009545192233009363
ExtFP741,0.009534346521853984
GraphFP566,0.009532059446205153
FP510,0.009530462553699472
ExtFP181,0.009528881484498992
ExtFP970,0.009527703857039063
GraphFP284,0.009527496773032235
ExtFP2,0.009527221946123808
ExtFP495,0.009520762882146516
GraphFP991,0.00951983288043954
FP904,0.009502231846473221
AATSC7m,0.009498809495569797
ExtFP923,0.009485779026135923
ATSC1v,0.009484760487183084
ExtFP318,0.009484632841927415
ExtFP471,0.009484052054989419
ExtFP969,0.009480208048396221
VE2_Dzv,0.009468742955361617
FP876,0.009468456726796168
GraphFP33,0.00946729732736354
GraphFP786,0.009462117215627957
GraphFP264,0.009446724566540969
FP132,0.00944414649196955
AD2D637,0.009444130575623804
GraphFP274,0.00944390841093898
GraphFP579,0.009424155046345077
FP616,0.009419025500154866
FP652,0.009413843968472042
FP459,0.009407896660525064
FP899,0.009403583392507553
GraphFP195,0.009402375855914198
GraphFP580,0.009375076034653311
ExtFP848,0.009373077160017314
FP619,0.00936600094978948
FP932,0.00935969263333727
GraphFP230,0.009349875632234952
GraphFP442,0.009336837642782734
GraphFP671,0.009327858970038207
ExtFP97,0.00931689015196138
ETA_Shape_P,0.009311592644306102
GraphFP298,0.0092967866899947
FP16,0.009294574546396046
ExtFP104,0.009294050415754821
GraphFP772,0.009292270760582148
ExtFP94,0.0092906839332845
ExtFP217,0.009283893076572859
FP403,0.009281011234662363
AD2D651,0.009280442389314572
ExtFP982,0.009279968231180177
GraphFP600,0.00927165378118423
ExtFP559,0.009263949638846549
GraphFP278,0.009258556681863293
AD2D719,0.009242329201823551
GraphFP652,0.00923956871224713
FP231,0.009237231206808439
FP272,0.009235583009259406
AD2D714,0.009232916826344539
FP296,0.009222738838797416
GATS7v,0.0092173449533847
FP149,0.009217075702267527
GraphFP436,0.009206406346966185
FP455,0.009202343121649574
GraphFP391,0.009198146010690866
FP778,0.009183530038671627
FP651,0.009163450831566526
FP957,0.009154044401476307
ATSC6m,0.009150174747385258
GraphFP94,0.009127109259371808
FP492,0.009126448337873842
FP358,0.009122908903474116
MATS5s,0.009116171921455763
GraphFP589,0.009112921277734196
ExtFP715,0.009111012153360753
GraphFP481,0.009097946234548038
GraphFP933,0.009096925917222769
ExtFP909,0.009079549481617122
GraphFP127,0.009076154254499582
GraphFP334,0.009073014739216003
ATSC1m,0.009070770709495583
FP279,0.009062364963601795
FP280,0.009049633132656302
FP203,0.009036134735637986
ExtFP224,0.009027424055764264
GraphFP394,0.00901972298852321
ExtFP965,0.009015957749030239
GraphFP849,0.009000301449672718
GraphFP879,0.008997357465366453
VE2_Dt,0.00899554229279831
GraphFP147,0.008980843070923002
GraphFP625,0.008980759105795523
FP939,0.008971072390897422
ExtFP243,0.008969593986717166
FP961,0.008960481669562363
FP979,0.00895947391743536
FP1006,0.00895833729081461
ExtFP775,0.008955497644561909
ExtFP84,0.008949468272885269
ExtFP49,0.00894515926429737
GraphFP895,0.008936719827277579
ExtFP897,0.008925258940917297
GraphFP316,0.00892171762900944
FP901,0.008908736800493203
MDEC-11,0.008906565233172011
AD2D423,0.008902567531508093
ExtFP261,0.008887167141533881
GraphFP930,0.008878547150952492
GraphFP40,0.008864479707724094
ExtFP228,0.008862670271590408
ExtFP877,0.008855814211543526
GraphFP798,0.008849160217630195
FP441,0.008848521067237965
ExtFP743,0.008843300981333976
FP181,0.008831435665560728
FP639,0.008830972137059325
FP63,0.008828352285844058
ExtFP893,0.008825734040866161
ATSC8e,0.008823453387248527
ExtFP525,0.008808854676816457
ExtFP134,0.008808807537166272
GraphFP16,0.008800083492311846
FP608,0.008798845606625163
ExtFP507,0.008796218987772964
AD2D405,0.008789727084620638
ExtFP623,0.008786326697514332
GraphFP585,0.00875612860763768
FP787,0.008755462354630842
GraphFP502,0.008754823385157148
FP65,0.008752903660046276
AD2D249,0.008733956536476514
FP927,0.008733759528893614
nAtomLAC,0.008729511276948394
GraphFP666,0.008720797028547824
GraphFP179,0.0087144332622032
GraphFP386,0.008708096564831524
ExtFP511,0.008705761726465385
ExtFP40,0.008692278792896326
GraphFP213,0.008688235035793357
FP839,0.00868605936312751
ExtFP162,0.008684272421725531
ExtFP497,0.008674550613118979
ExtFP925,0.00867126773367371
GATS8v,0.00865615781850517
FP555,0.00865396708798195
GraphFP1019,0.00864544561109058
ExtFP240,0.00864348901907279
ExtFP44,0.008641993704968603
FP921,0.008640314756125865
GraphFP503,0.008637797420843588
FP329,0.008633860250324008
FP185,0.008624604741354007
FP538,0.008619551071714922
GraphFP659,0.008616622415673209
ExtFP644,0.008616380039119883
GraphFP882,0.00860908335720435
FP390,0.00860303460925857
GraphFP326,0.008599187354313335
FP458,0.008595324622680431
FP732,0.008588558369472319
ExtFP567,0.00858763059622103
FP507,0.008585492182035963
JGI9,0.00857196402693469
ExtFP660,0.00857068906026198
JGI10,0.008553453633325128
ExtFP204,0.008553372444930308
FP715,0.008551822057769637
ExtFP373,0.008539707070847127
FP386,0.008530326011927141
FP350,0.008528012315877381
FP283,0.008526620242199395
ExtFP619,0.008517326521948703
GraphFP273,0.008503818872272124
ExtFP668,0.008496414169119493
ExtFP720,0.008496003687429468
FP969,0.008479844100752882
GraphFP190,0.008470638148074175
GraphFP88,0.008470242011395396
FP954,0.008443306949472196
AD2D312,0.008437257929942328
GraphFP706,0.008433008973695031
AATS6s,0.008431355015492302
GraphFP954,0.008419972504219747
ExtFP702,0.008419407064467695
FP804,0.008417146169913025
ATSC2i,0.008415043289001289
GraphFP512,0.008411472197205791
ExtFP649,0.008411232591200548
ExtFP33,0.008408177846971308
FP274,0.008405650690661385
FP700,0.008404976409657835
ExtFP455,0.008404032645264807
AD2D469,0.008399587602524124
AD2D327,0.008390421059689008
ExtFP446,0.00838190709174222
ExtFP718,0.008367242572763488
GraphFP118,0.008367211749897366
GraphFP279,0.008367022863834247
FP451,0.008366059783858421
GraphFP722,0.008360365663725701
GraphFP764,0.008355505459239219
FP439,0.008353256765099784
GraphFP885,0.008345364324275049
GraphFP877,0.008335976067664065
FP590,0.008332565145733757
GraphFP4,0.008327626133340338
GraphFP934,0.008323628884614949
ExtFP343,0.008322798524467155
FP338,0.008316945874203719
ATSC7i,0.008316548924819363
nHBDon,0.008307787590775443
GraphFP601,0.008305556774974502
FP744,0.008294718580752541
ExtFP34,0.008294239335181305
GraphFP37,0.008287120025225764
GraphFP758,0.008286454037116734
ExtFP322,0.00827276993006689
ExtFP426,0.00827006377438095
FP891,0.008267173104948303
AD2D726,0.00826276481869923
ATSC7s,0.008257083958318995
FP334,0.008255855409174636
ExtFP248,0.00824857468784165
GraphFP207,0.008247968939089573
FP362,0.008244016121874595
GraphFP476,0.00823854438755716
FP501,0.008234652972893185
ExtFP227,0.008234304063173888
FP46,0.008228130671526392
AATSC0p,0.008223350159628039
GraphFP530,0.008218148842268477
GraphFP99,0.008208643857474
FP693,0.008207088980302004
GraphFP794,0.008197440868231138
GraphFP31,0.008179322156515399
FP238,0.008176237258530785
ExtFP466,0.008175994765307589
ExtFP501,0.008165369808253223
GraphFP200,0.008151795736641652
ExtFP356,0.008094084587821087
FP74,0.008087727527661213
AATSC8c,0.008074803189626528
FP351,0.008073830583508702
GraphFP126,0.008073677049048374
GraphFP863,0.00805293366685175
ExtFP410,0.0080437232174386
GraphFP499,0.00804323535334662
GraphFP367,0.008029305990708757
ExtFP704,0.008027011032392633
ExtFP920,0.008018469116244903
FP18,0.007993986525822066
GraphFP957,0.007993304892748484
ExtFP108,0.007993246517501384
FP832,0.007990609884159306
FP885,0.007987574893869497
GraphFP515,0.007986447940716967
FP973,0.007985759349061004
FP252,0.007980730289883498
GraphFP1,0.007976063541195524
GraphFP905,0.007934508449576777
GraphFP141,0.0079334322680878
GraphFP157,0.007923176489060624
ExtFP459,0.007921174986195831
GraphFP771,0.007911234056659782
GraphFP234,0.007911202680418287
ExtFP761,0.00790933758937302
GraphFP767,0.007899338938254072
GraphFP95,0.007893646368736741
GraphFP528,0.007889482375086571
FP53,0.007884138933259675
GraphFP215,0.007858496068480327
GraphFP929,0.007852674096677075
ExtFP415,0.00784714070622028
FP923,0.0078344190531222
GraphFP906,0.00782943160178753
SIC1,0.007824391883688586
FP328,0.007817835067410005
GraphFP240,0.00781338273644496
GraphFP617,0.007810859952092816
ExtFP155,0.00779610485462409
GraphFP408,0.007795474415396968
ExtFP528,0.007783044005204017
FP278,0.00777832666153659
GraphFP421,0.0077767388332416094
PetitjeanNumber,0.007760562009201968
GATS8p,0.007760247416383936
FP111,0.007744390026650346
GraphFP7,0.007742783459120424
GraphFP219,0.007739743158657163
ExtFP560,0.007739657613168733
ExtFP631,0.00773946401451921
FP257,0.007733002840357153
GATS8m,0.007723927456877279
GraphFP939,0.007723424959863485
FP307,0.007714600576818202
GraphFP687,0.007706816926597016
FP427,0.007706714187979927
FP683,0.007701788844686324
AATS0m,0.007689968334235004
GATS2i,0.007677212377401534
FP686,0.0076766624234048805
GraphFP850,0.007659214424606602
GraphFP18,0.0076414173891098105
GraphFP262,0.007639971874201851
AD2D636,0.007639301257932975
ExtFP736,0.007637229232959422
GraphFP953,0.007627059825843212
GraphFP750,0.007621706716952311
FP214,0.007618242682382769
ExtFP475,0.007609910113502476
GraphFP165,0.007596878764955369
FP90,0.00759546910508848
FP261,0.0075904273726987185
GraphFP611,0.007589482084362256
FP883,0.007588655507858288
FP704,0.00758808193293004
GraphFP180,0.007587721067440949
GraphFP114,0.007579774296617908
GATS2m,0.007576006985582878
GraphFP612,0.007574461840582327
FP85,0.0075716569341724785
GraphFP383,0.007550581706463453
AD2D363,0.007540272310484051
ExtFP699,0.007536703985379068
FP12,0.0075359275127731265
GraphFP779,0.007519685744341199
ETA_Shape_X,0.007517729933584259
GraphFP225,0.007513562343758801
AATSC5s,0.007509963557639583
GraphFP437,0.007508439635034869
GraphFP470,0.007503580059480413
ExtFP906,0.007498195302485273
GraphFP505,0.007497635353279092
AD2D652,0.007496702711275441
GraphFP260,0.0074943916248919025
GraphFP300,0.00749255125092807
AD2D207,0.007482241863519893
GraphFP119,0.007478317492080347
FP801,0.007476990786208391
FP609,0.007476700246362216
GraphFP343,0.007465059286141143
FP423,0.007463606146214494
ExtFP430,0.0074601911617350174
GraphFP327,0.007452841847783194
ExtFP458,0.007446081388576351
GraphFP58,0.0074403388918641835
FP266,0.0074321334452094705
JGI7,0.00743140515108804
GraphFP813,0.007426058498987217
GraphFP309,0.007410326520958255
FP409,0.00738287777935503
AATS4e,0.0073778082926816615
AD2D708,0.007376366187915755
ExtFP304,0.007369887039112291
ExtFP251,0.0073664323862193785
GraphFP917,0.007350342023627232
ExtFP197,0.007348824465048635
GraphFP608,0.007344421969512301
FP237,0.007325101038502078
ExtFP461,0.007307918643096663
GraphFP584,0.007306913282315001
ExtFP229,0.007301815400576334
GraphFP747,0.007300356053888331
FP780,0.0072962847552538335
GATS1m,0.007295579540925025
FP618,0.007293837274866981
AD2D485,0.0072911663514853165
ExtFP650,0.0072822282235626805
GraphFP97,0.0072821003473436206
GraphFP178,0.007281485846126441
FP807,0.007269865586764689
GraphFP366,0.00726432159568589
ExtFP486,0.0072561813793856865
GraphFP644,0.007248757584668924
FP705,0.007245674232777268
FP511,0.007225841138084402
AD2D558,0.00722221200810293
FP960,0.007205719066955974
FP211,0.007205595947454819
AD2D720,0.0071953343830893236
GraphFP518,0.007194580529921127
GraphFP802,0.007182632886834921
GraphFP708,0.007174444777144762
GraphFP859,0.007174356208014408
GraphFP124,0.007169435308300008
GraphFP352,0.007168807322211802
FP952,0.00716636326294429
GraphFP12,0.007163226878877832
GraphFP942,0.00715221153637433
GraphFP720,0.007146829504585051
ExtFP630,0.007124561875860184
ExtFP374,0.007119906887001465
ExtFP840,0.007119368089515918
ExtFP975,0.007119248619574715
ExtFP367,0.007109165733208084
BCUTw-1l,0.007102615453021028
GraphFP844,0.0070963154070423536
GraphFP508,0.007089455641627279
FP449,0.007077684090053069
GraphFP181,0.0070663647693935665
GraphFP759,0.007062077262181482
FP520,0.007061565590124795
ExtFP519,0.007030644796959666
ExtFP153,0.007000654883704785
AD2D493,0.006997283166817646
GraphFP780,0.006986709977080553
GraphFP685,0.006968325147745812
GraphFP152,0.0069590686855649985
AATS2s,0.006951515745918731
GraphFP673,0.006949536363689673
AD2D630,0.00694212627592913
GraphFP712,0.006941922525298987
GraphFP559,0.0069397696389369625
GraphFP989,0.006926375891283873
nBr,0.006925314261044159
ExtFP338,0.006918913954654029
ExtFP402,0.006911900470327718
GraphFP550,0.00689810469165081
GraphFP193,0.006893453457632005
ExtFP238,0.0068840103919505565
ExtFP272,0.0068664160244052185
GraphFP241,0.006853813854105013
ExtFP63,0.006846984500951704
FP246,0.006846234227366107
ATSC1i,0.006836866632103151
ExtFP457,0.006828026824961874
FP392,0.006825754764997409
FP729,0.0068250837473922115
FP24,0.006817835417591223
GraphFP398,0.006814253384128594
AATSC0v,0.006813345231991418
GraphFP598,0.006773502398922012
GraphFP539,0.006765055841680043
AD2D717,0.006752315440701861
FP604,0.006743135488970257
GraphFP558,0.006733137312151983
GraphFP776,0.006725187174408709
ExtFP332,0.006718451640671995
ExtFP260,0.006702043913195196
GraphFP374,0.006700337738053621
ExtFP435,0.006684775369307531
GraphFP842,0.006682550062747773
ATSC8c,0.006676504756663925
GraphFP216,0.006675583320288155
GraphFP636,0.006673988539174459
GraphFP345,0.006670586667425285
GraphFP172,0.006659073548482373
ETA_dPsi_B,0.00665782341009858
AD2D340,0.006657551361276664
GraphFP452,0.006654300946305045
ExtFP366,0.006653822109695534
FP138,0.006650190681236561
FP1023,0.006641627016018647
ExtFP320,0.006622314909261353
ExtFP79,0.006610896335357331
GraphFP890,0.00658475144509209
ATSC7p,0.00658079992377533
ETA_BetaP_s,0.006576919812605937
AD2D715,0.0065688652582705075
FP863,0.006565533180619998
GraphFP23,0.006546730700232742
AD2D391,0.006536698278121441
ExtFP393,0.006533361394783292
FP432,0.0065234822394650335
FP330,0.006515544285663588
GraphFP440,0.006509766485957618
ExtFP946,0.0065059957444863455
GATS7p,0.006498345659663762
GraphFP872,0.006484863993307525
GATS2e,0.0064823529957503895
GraphFP36,0.006479686766092025
GraphFP449,0.006472487260366051
GraphFP931,0.006471295033005421
ExtFP514,0.0064708632888700515
FP625,0.006459320897148549
GraphFP91,0.006449994867085377
GraphFP980,0.006445627940599328
VE1_DzZ,0.006443840424454176
GraphFP19,0.006420068174562329
ExtFP157,0.006407432510143075
AATS8e,0.006390791200367471
GraphFP998,0.006390078183243399
FP602,0.0063777654137299805
FP57,0.0063710851892013805
ExtFP394,0.006367181783398136
ExtFP800,0.006344030669012561
FP889,0.0063383142133839904
GraphFP331,0.006325653359475788
GraphFP186,0.006300796497392852
FP194,0.006294797531722134
AD2D330,0.006292358444932191
GraphFP818,0.006290221096291623
GraphFP937,0.006289552543321232
FP794,0.006286918326198969
GraphFP387,0.006275518887474912
ExtFP184,0.006251519121751254
AATSC7e,0.0062500074649540155
ETA_BetaP_ns_d,0.006243502357427583
GraphFP807,0.006240075398988241
GraphFP404,0.006236035756920491
AD2D170,0.006218958691334966
FP689,0.006217833971781994
ExtFP85,0.006210293427769334
ExtFP685,0.006209979648487677
GraphFP187,0.006208203481610038
GraphFP1000,0.006201948089219161
ExtFP445,0.006199041503285038
GraphFP339,0.006192530060600977
ExtFP687,0.006188512457988531
VE1_Dt,0.006187326652410963
GraphFP757,0.006153060003804227
GraphFP293,0.006146492694985244
ExtFP241,0.006145261119264538
GraphFP341,0.006143067685446818
FP67,0.006121122104370286
AD2D552,0.006074761068727444
GraphFP830,0.006054166176550107
AD2D730,0.006038386435260644
GraphFP864,0.006033981111047869
ExtFP809,0.006030725296752077
ATSC7v,0.006027310240300216
nCl,0.00602412563000699
GraphFP205,0.006010780501585609
AATSC5m,0.005988899236209288
ExtFP199,0.005988047785248205
ExtFP827,0.005982817476744019
ExtFP282,0.005981127698558012
IC0,0.005956607236316909
GraphFP968,0.0059474391654533365
GraphFP999,0.005945376561577174
MDEO-22,0.005936583158794467
GraphFP188,0.005927816230281624
GraphFP460,0.005917529037675232
GraphFP458,0.0059113306125254715
MDEN-33,0.00590448855286639
GraphFP560,0.005896044192162468
AD2D641,0.005891907137736242
ExtFP766,0.005882991573439041
MATS8s,0.005880230572772441
GraphFP420,0.005854624124967822
ExtFP651,0.005830781067620053
GraphFP42,0.005812077547771066
GraphFP272,0.005805936014888937
GraphFP484,0.00580403869490465
nP,0.005801172545542422
AD2D174,0.0057918350255362835
FP402,0.005778428781044267
FP229,0.005775234600146376
AD2D313,0.005772638085667603
FP452,0.005754505115817561
FP913,0.005751327615979921
AD2D492,0.0057479694270229495
GraphFP987,0.0057473317477096325
FP103,0.005747022516282716
ExtFP996,0.005715845016793982
GraphFP182,0.005704047885613806
AD2D251,0.00570300630640413
ATSC7m,0.0056967756780647175
GraphFP494,0.005691382881776688
FP953,0.005688322655650993
GraphFP516,0.005680188850318277
GraphFP11,0.005658210984129776
GraphFP655,0.005643957164215927
GraphFP384,0.005636735991804242
C2SP1,0.005620087543891339
GraphFP21,0.005611792720202907
GraphFP670,0.005610343144474686
GraphFP242,0.005609990306646189
GraphFP806,0.005601241134484994
ExtFP438,0.005600046560307225
AD2D276,0.005591915946393525
GraphFP251,0.005589372217298575
GraphFP993,0.0055855622326271125
ExtFP588,0.005564496886785747
GraphFP520,0.0055587502229781345
GraphFP1010,0.005556131899483771
FP902,0.0055416742979296245
FP395,0.005526109390290815
GraphFP631,0.005497069841901783
GraphFP324,0.005484129181528181
AD2D213,0.005462122265971007
GraphFP81,0.0054587594347392755
GraphFP313,0.005455625339901932
GraphFP314,0.005438598953073529
GraphFP672,0.005427988242586296
GraphFP995,0.005424941673334062
GraphFP1024,0.005410440425222857
GraphFP647,0.005349701445610035
GraphFP545,0.005349118920585684
FP908,0.005317608024597622
GraphFP287,0.005316813595608555
FP445,0.005314451650847572
ExtFP448,0.005302468674374578
AATS1s,0.005296927705907582
FP638,0.005282979170735641
FP305,0.005272724292878941
ATSC2s,0.005252796426593315
FP559,0.005251307978484189
GATS4m,0.0052299387171235515
ExtFP421,0.005219414227631478
ATSC1s,0.005216536987585355
FP212,0.0052152221134995035
FP183,0.005214866991502305
ExtFP927,0.00520995831547736
MIC0,0.005209381809920398
GraphFP504,0.00520232123845785
GraphFP621,0.005193712112096862
AD2D285,0.005183185507354661
GraphFP439,0.005181964372308435
GraphFP139,0.005180393759498516
GraphFP709,0.00517187873195986
VE3_Dzs,0.005164658949340801
AD2D573,0.0051577243244289245
FP69,0.005151760727608239
GraphFP227,0.005145829145090631
GraphFP959,0.005140961007774841
GraphFP206,0.005092097343091442
AD2D702,0.0050877581135419575
GraphFP69,0.005075678891820411
GraphFP760,0.005067489306043041
GraphFP78,0.005060659625495681
FP852,0.005054549669964775
AD2D398,0.005031862377744209
AD2D647,0.005025822149825419
AD2D571,0.005020836151131203
GraphFP753,0.005018862414545569
AATSC1m,0.004994594702917923
FP583,0.004990464213414158
GraphFP751,0.004984346255514976
ExtFP513,0.00498272877677114
GraphFP138,0.004968254678893355
GraphFP992,0.0049601162997502425
GraphFP711,0.004953532288410358
GraphFP429,0.004944403994937786
AD2D687,0.004944319299906276
GraphFP627,0.004942260201348087
BCUTp-1l,0.00492896906549033
GraphFP209,0.0049283684951191755
ExtFP31,0.0049268631302686805
AD2D432,0.004915233215449858
AD2D563,0.004909807468123715
GraphFP414,0.004904812257982564
FP910,0.0048877514146346245
GraphFP719,0.004880671509910953
FP606,0.004850343867294217
FP870,0.004836375925783657
FP202,0.004835668387062822
GraphFP507,0.0048319355917552965
ExtFP262,0.004831251962988443
FP934,0.0048296257285173625
AD2D94,0.004826857331322583
GraphFP626,0.004822165045689936
AD2D320,0.004811274988327089
GraphFP469,0.004807489765182614
ExtFP1017,0.004769769063000126
GraphFP22,0.004763770605127505
ExtFP270,0.004762318208142578
GraphFP54,0.004752315242741387
GraphFP765,0.004751970750147096
FP956,0.004747064807579154
ExtFP256,0.004744782078531834
GraphFP826,0.004728588035965068
SRW5,0.0047261019355383516
AD2D642,0.004713878815035994
AATSC8p,0.0046919014630828135
AATSC8e,0.004688477863091156
GraphFP1018,0.004669652936561264
GraphFP1009,0.004661821322132093
MATS8m,0.0046602483856371685
FP81,0.004657804349702282
GraphFP667,0.004652618360910567
GraphFP923,0.0046303709004923395
GraphFP867,0.004617302632951483
GATS8e,0.004595145567490219
VE3_DzZ,0.004581190777017692
AATSC8v,0.004571728922615481
FP624,0.004560485943223762
ExtFP425,0.004556907007811788
GraphFP766,0.004546411475889652
GraphFP824,0.004545360893260584
FP162,0.004541860795900049
FP98,0.00453305622843268
BCUTc-1l,0.0045247827488846025
GraphFP80,0.004519482811041123
ExtFP917,0.0045060018660985895
GraphFP385,0.004491637410587111
AATSC7s,0.004459259312972634
AD2D569,0.004454624978226365
GraphFP688,0.004447390367034289
GraphFP926,0.0044331901577554155
GraphFP121,0.0044195977590561
ExtFP787,0.004414728466578864
GraphFP444,0.004406304702436451
FP584,0.004406234554453953
AD2D292,0.004396024549429368
GraphFP146,0.004396019879461392
AD2D579,0.004344536482228901
GraphFP951,0.004343788543715735
GraphFP692,0.004339885596549279
GraphFP597,0.004318681210932307
GATS2p,0.004289217091599854
GraphFP801,0.004280686067244799
GraphFP960,0.004272229994992488
ExtFP933,0.004263953706669063
GraphFP158,0.004246568747807838
FP1021,0.004200710416224917
AD2D570,0.00418073483667298
nX,0.004180649329698332
GraphFP191,0.004178527208221724
GraphFP371,0.004155356226438216
FP544,0.004154956736235148
GraphFP462,0.0041527650341565345
GraphFP825,0.004134830544159182
GATS4s,0.00412946592442925
AD2D682,0.004128342612284642
GraphFP322,0.004127222600014814
GraphFP381,0.004126353187998313
GraphFP619,0.004122909211337592
GraphFP211,0.004117356848508124
GraphFP1007,0.004099426460595983
GraphFP75,0.004095742671292408
GraphFP342,0.004074167610680683
AD2D8,0.004073292082019471
AD2D427,0.004036745352793809
AATS4m,0.0040252752002871844
GraphFP208,0.004018044491498206
GraphFP661,0.0040111234319402415
GraphFP406,0.004010195639475652
FP428,0.003996993051017485
GraphFP459,0.003994681835581485
FP106,0.003954764749282914
GraphFP820,0.003943294484595345
GraphFP369,0.003933556226695649
AD2D409,0.003928264774929597
VC-6,0.003921609970963631
AD2D649,0.003920779730625245
AD2D666,0.0039204676966688055
AD2D526,0.003917440304106618
MATS5m,0.0039054127092948083
ExtFP770,0.003897808732415405
AD2D354,0.003882666857813329
GraphFP809,0.003877436476084588
GraphFP555,0.003875686347198052
FP769,0.003826119602070652
GraphFP777,0.003816752176074097
AD2D257,0.0038050465789278964
MATS1s,0.003801866719637376
FP281,0.003795647489623033
GraphFP464,0.0037947999599657594
GraphFP812,0.003777964110575472
ATSC1p,0.0037658647428086764
GraphFP857,0.0037514235281721365
GraphFP474,0.0037424764579892674
GraphFP854,0.0037338502949836837
FP96,0.0037263215263505715
GraphFP9,0.0037250568725897782
FP641,0.0037216483525452223
GraphFP325,0.0036868632238652834
GraphFP218,0.003681521675085728
GraphFP299,0.0036544081649991745
AD2D496,0.003641505905309838
AD2D271,0.0036382165188348537
GraphFP435,0.0036377968804974163
AD2D681,0.0036095650093198183
ExtFP622,0.003605650458189144
AD2D588,0.0035885222035207144
ExtFP918,0.0035858198990356854
GraphFP184,0.0035753509343722264
GraphFP333,0.0035669131998621964
GraphFP697,0.003565720814121637
GraphFP805,0.003562317564847991
FP755,0.003559259886319735
GraphFP591,0.0035497737853329046
FP469,0.003545105514231724
ExtFP301,0.003540998127748135
ATSC5m,0.003524801568751037
GraphFP189,0.003524392038867272
GraphFP976,0.0035206220306491518
GraphFP538,0.0035060403028570144
GraphFP1017,0.0035006619627603076
GraphFP696,0.0034805337852716507
GATS1e,0.0034761480939702626
ExtFP886,0.003464418939150441
ExtFP517,0.003434666639787982
GraphFP610,0.003417290709148513
AD2D604,0.0034077947155412383
GraphFP836,0.003407574800253046
GraphFP658,0.00340392056240981
GraphFP393,0.003398309380844757
GraphFP27,0.0033924364032979024
JGI3,0.0033814868103585953
AATSC1c,0.0033652324945965227
ExtFP500,0.0033423691754369956
AD2D180,0.0033378326720363734
GraphFP603,0.0033275423976188052
GraphFP1016,0.003321024766634223
MATS2s,0.003313902950680826
GraphFP749,0.003312381616146669
GATS6c,0.0033009777008183344
AD2D419,0.003261935816000433
AD2D676,0.0032574173034554173
SC-6,0.0032498347470254693
GraphFP28,0.0032440805210452537
GraphFP793,0.003223384885453081
AD2D566,0.0032229194230366503
GraphFP177,0.0032175061982848588
AD2D172,0.0032163434283005855
AD2D424,0.003214366497222338
GraphFP248,0.0032091645917011772
AATSC8m,0.0032057165660181095
AD2D565,0.00319647471108915
AD2D349,0.0031903132310345896
GraphFP858,0.0031888497332385217
GraphFP111,0.0031797018681731064
GraphFP950,0.003126421455358808
GraphFP717,0.0031232142743827726
FP631,0.0031001717859988993
AATSC7p,0.0030970350122726305
AD2D564,0.0030844646870081304
GraphFP480,0.0030713576635930384
GraphFP702,0.0030688244064978627
GraphFP252,0.003066924923484873
VR1_Dzp,0.003066121526139231
AD2D25,0.00306495371011462
GraphFP945,0.003064425948226802
ExtFP119,0.003051611812744906
AD2D662,0.0030376272743299565
AD2D441,0.0030001470407634203
FP151,0.0029834167394392603
GraphFP295,0.0029826453003845422
GraphFP963,0.002974815951524246
VE1_Dzv,0.002958404377199328
GraphFP620,0.0029490521928087475
GraphFP244,0.0029484379707340335
GraphFP236,0.002946433455308407
GraphFP123,0.00293613222588671
GraphFP64,0.002894842392417361
GraphFP828,0.00288697261140109
GraphFP107,0.0028631043285319503
GraphFP1023,0.002856242140899851
FP218,0.0028442444087866904
GraphFP521,0.002837414933919463
AD2D721,0.0028318269525280265
AATSC7c,0.002828041601943171
GraphFP855,0.0028275563525993197
GraphFP30,0.0028248520121083916
GraphFP412,0.002813154547640682
AD2D272,0.002812189240287287
GraphFP710,0.002812027276969914
GraphFP1020,0.002807554449425327
AD2D531,0.002770084933809582
VR1_D,0.0027688779020941267
GraphFP365,0.0027636930790239655
FP880,0.0027540089068304775
AD2D731,0.0027443260307901157
GraphFP694,0.0027403991666591467
ExtFP885,0.0027364912218668684
GraphFP639,0.002719838585248464
GraphFP176,0.0027197930616077682
GraphFP363,0.0027135386847559335
GraphFP237,0.002701197634620435
GraphFP370,0.002688708985217001
AD2D727,0.0026810748828292644
AD2D663,0.002680664914890267
GraphFP468,0.002670634038161958
GraphFP416,0.002665738311203188
ExtFP342,0.0026629907815821003
VE1_Dzs,0.002659410125578784
FP220,0.002653300700583518
VR1_DzZ,0.0026524690176957617
GraphFP500,0.002641687026382393
GraphFP202,0.0026327558535493975
AD2D661,0.0026295782063456494
AD2D273,0.002602736785827246
GraphFP10,0.00258352421369154
AD2D370,0.002567603661721878
GATS7i,0.00256488925469063
AD2D262,0.0025580248657162802
GraphFP1013,0.0025531521058576754
AD2D15,0.0025519135053917257
GraphFP700,0.0025478501314568076
GraphFP614,0.002542036215244692
AD2D510,0.0025404166691679847
GraphFP359,0.0025300673531767634
C2SP3,0.0025260705590391614
GraphFP907,0.0025191576675842715
GraphFP862,0.002512054106435866
GraphFP410,0.002498984576473963
GraphFP729,0.002493225752656367
GraphFP77,0.002486923184621519
GraphFP447,0.002476996249705404
AD2D331,0.0024629558718892203
AD2D583,0.002450437709216288
GraphFP861,0.002437218021286173
AD2D575,0.002427604663976698
GraphFP593,0.002422028250063717
AD2D399,0.0024199992546663513
GraphFP49,0.0024052680439724163
AD2D208,0.002385690883556741
GraphFP724,0.002385614028091493
AD2D348,0.0023738035438475064
GraphFP112,0.0023472701494008513
VR1_Dzs,0.002346342109819283
ATSC4m,0.002343723536777538
GraphFP113,0.0023036491687467575
FP21,0.0023035651588078033
GraphFP613,0.002301346664910551
GraphFP448,0.002294409384563424
AD2D582,0.002270750894522921
GraphFP159,0.00224634389595917
GraphFP39,0.0022442964183299976
GraphFP194,0.002242763518137882
GraphFP150,0.0022046173243352655
AD2D643,0.0021886958079376513
GraphFP537,0.0021837434129158
AD2D505,0.0021813071603249594
AD2D214,0.0021784697039646484
GraphFP845,0.002173233360432853
GraphFP55,0.0021607022934377685
GraphFP403,0.0021533209587738605
AD2D426,0.0021521484654560717
GraphFP71,0.002139797964971118
AD2D555,0.0021210117739213514
AD2D219,0.002117085600696659
GraphFP376,0.002111735097895731
JGI1,0.0020811796659284025
GraphFP633,0.002068863946882496
AD2D183,0.0020647985813477625
GraphFP714,0.002059311080863394
GraphFP53,0.002041062233375415
GraphFP74,0.0020342100398446994
AD2D417,0.0020327390052216772
GraphFP402,0.002028141526035841
GraphFP143,0.0020194461530575972
AD2D286,0.0019880208657956974
AD2D129,0.00198194796618283
AD2D506,0.00197831724206974
GraphFP956,0.001968729613631352
GraphFP332,0.0019641770681403056
GraphFP535,0.001948393857945038
AD2D487,0.0019428688313204876
AD2D488,0.0019356740909209306
GraphFP389,0.001906298625110503
ATSC8m,0.0019025961819006437
AD2D234,0.0018732803950379621
ExtFP884,0.0018641185855885348
GraphFP395,0.0018499672513419211
ExtFP781,0.0018446173661684378
GraphFP656,0.001826062626395805
GraphFP105,0.0017886452656712237
GraphFP61,0.0017857510164802188
GraphFP201,0.0017789676503803388
GraphFP916,0.0017734680600727387
GraphFP65,0.0017452712309211885
GraphFP102,0.001744007492732535
GraphFP336,0.0017414641928939641
ExtFP713,0.0017384775500920817
GraphFP372,0.0017186727294295065
AD2D428,0.0017145531021610766
GraphFP291,0.0017123603389639429
GraphFP1011,0.0017051857349224225
GraphFP66,0.001687114498407581
nI,0.0016607517971616657
AD2D263,0.001655134173388509
AD2D574,0.0016440689582996745
AD2D520,0.0016428849978398106
GraphFP1022,0.0016328926927925093
AD2D675,0.0016324191246520976
GraphFP106,0.0016310273066581095
AD2D504,0.0016296405211349762
GraphFP162,0.0016287135482308459
GraphFP829,0.0016114676933522184
AD2D253,0.0015846272394649439
AD2D711,0.0015272624267005815
AD2D497,0.0015212461508762687
GraphFP310,0.0015180848666740579
GraphFP246,0.0014976984946361333
GraphFP46,0.0014632474939032902
GraphFP50,0.001425080325325983
AD2D722,0.001421907327491374
GraphFP975,0.001402605079962392
MATS7s,0.0014018108778483774
GraphFP565,0.0013841161898749848
GraphFP477,0.0013630069525059354
AD2D653,0.0013574036249861519
AD2D598,0.0013209771955744831
AATS4i,0.0012830504165173883
GraphFP82,0.001276499633864236
GraphFP549,0.0012749200657320777
GraphFP407,0.0012503820113557267
AD2D267,0.0012363433645190903
GraphFP428,0.001155531115909263
AD2D603,0.0011502335071566696
AD2D584,0.001119156929193291
AD2D336,0.0010966457174213786
GraphFP654,0.0010934635235019536
GraphFP280,0.0010329765838571793
FP456,0.0010321273925666364
GraphFP17,0.00102621239756706
AD2D585,0.0010172192943368543
GraphFP875,0.0009832998946612127
GraphFP1015,0.0009801382241949115
AD2D498,0.0009578329842205834
GraphFP556,0.0009355862823689615
GraphFP360,0.0009273850471360004
AD2D261,0.0009174057167429176
GraphFP301,0.0009107399896681413
AD2D738,0.0009002222382243382
GraphFP623,0.0008978611236794253
GraphFP732,0.0008695148256306315
FP905,0.0008645545493359793
GraphFP595,0.0008641904896540724
FP603,0.0008533927767832934
GraphFP85,0.0008393266325583995
GraphFP873,0.0008301810695842753
FP295,0.0008060077631591531
GraphFP52,0.0007920753390166129
GraphFP346,0.0007837125788993946
AD2D644,0.0007149230747803225
GraphFP160,0.0007144341655790833
AD2D105,0.0006819423787305883
GraphFP471,0.0006652173507564592
GraphFP351,0.0006587752877006062
AD2D660,0.0006498105925408248
AD2D759,0.0006268490144610705
GraphFP56,0.0006191092137011808
GraphFP43,0.000592689220320187
AD2D753,0.0005896390354907063
GraphFP399,0.0005895579960221485
GraphFP463,0.000588050298163025
GATS5m,0.0005863531478333694
MDEC-44,0.0005737053354392279
GraphFP986,0.0005540587759997146
AD2D350,0.0005515538308702323
AD2D215,0.0005300631366719228
GraphFP874,0.0004926176574984467
AD2D502,0.00047588535413607203
GraphFP478,0.000471725363726279
GraphFP305,0.0004663149509418641
ECCEN,0.0004423581181447581
GraphFP15,0.0004319353235574049
AD2D597,0.00041692424756789446
GATS8s,0.0004093645514188521
AD2D754,0.00035137982941402344
AD2D739,0.00031318794531416064
AD2D744,0.00030449337423110447
GraphFP668,0.0001919593907154773
AD2D519,0.0
GraphFP373,0.0
GraphFP266,0.0
GraphFP79,0.0
GraphFP827,0.0
AD2D740,0.0
