,PC1
ExtFP11,0.04285036936572118
ExtFP16,0.042448912487439754
IC3,0.04157485864182836
FP984,0.04134799560704009
GraphFP306,0.040981787257815275
FP94,0.04047601658990477
ExtFP639,0.040469544949974935
ExtFP444,0.040095356866570286
ExtFP58,0.04008370097742585
AD2D703,0.040072643345157005
ExtFP29,0.039985989160226866
ExtFP883,0.03984453506194192
ExtFP409,0.03969905542544845
FP10,0.03969577943864344
FP416,0.039391311176412376
ExtFP390,0.03917771414280841
FP970,0.03909687704142893
FP153,0.03904293628339738
FP143,0.039014474389191915
FP471,0.03893859228957218
ExtFP515,0.03891120691381257
ExtFP828,0.038829677147231755
ExtFP96,0.03867749520620995
ExtFP985,0.03866355998891429
ExtFP831,0.038494731639277434
ExtFP290,0.03831589918015586
ExtFP169,0.03827284458449083
ExtFP3,0.037964336325530125
ExtFP805,0.03792968687105184
ExtFP144,0.037838668226986207
GraphFP808,0.03778699399440515
BCUTp-1h,0.03776476152609245
nAcid,0.03776319923265644
ExtFP488,0.037698230049927846
FP505,0.03764922216684552
ExtFP824,0.037397512622210534
FP381,0.037380009627079526
FP247,0.03723881392596764
ExtFP329,0.037155354592601685
ExtFP558,0.03715453808096326
ExtFP698,0.03708438639909654
FP102,0.03707886726155969
ExtFP724,0.03705669066812851
FP614,0.036992926192173085
AD2D345,0.03684953800976043
ATSC3i,0.03680502950674326
ExtFP566,0.03675859592902881
FP485,0.036615219793930384
ExtFP168,0.03659135260670409
ExtFP439,0.03652666784267219
FP819,0.03649770039214824
AD2D339,0.03644884310954565
FP696,0.03644436840254388
FP498,0.036442224731683064
FP564,0.03636727351274697
ExtFP45,0.03620508759171717
FP168,0.036159593733192254
FP931,0.03611407074824028
GraphFP446,0.03609757308502172
FP29,0.036070042088421767
AD2D173,0.03603270693029828
ExtFP960,0.03600718551800058
ExtFP571,0.03600591321255498
ExtFP313,0.035947834184674135
FP124,0.03594281101787147
ExtFP527,0.035848247817142444
ExtFP312,0.03556839533937496
FP118,0.03556052707768187
ExtFP842,0.03550027676230243
ExtFP363,0.03549421156874885
ExtFP928,0.03548374393604867
FP434,0.03547067358388947
ExtFP8,0.035467622078705234
ExtFP302,0.03546671601022041
ExtFP838,0.03542854388445306
AD2D403,0.03531959915940046
GraphFP529,0.03527598520940967
ExtFP504,0.035272778194413545
ExtFP74,0.0352468388486779
MDEC-33,0.03517334534369718
FP569,0.03514265430256136
ExtFP788,0.03509870187250909
ExtFP27,0.03507950481598916
FP366,0.03505792245469681
ExtFP296,0.034938487412382375
FP867,0.03492066902245592
FP302,0.034845960953222635
ExtFP492,0.03481760974911134
ExtFP23,0.03480285927633218
FP537,0.03477875179962926
ExtFP794,0.03468167636892287
FP620,0.034652430111165394
ExtFP697,0.034632435839983086
ExtFP937,0.034584534942423674
GATS3i,0.03457120306657007
AATS6v,0.03446519181351392
FP986,0.03446513030819215
AATS7i,0.03445788370543975
naAromAtom,0.03437622748895405
FP58,0.034367801030996854
ExtFP456,0.03436489517288598
ExtFP683,0.034363209779455464
ExtFP941,0.03433890918536272
ExtFP429,0.03429464928928969
ExtFP253,0.034272851078045896
FP50,0.03425875470604934
ExtFP98,0.03424780767248299
ExtFP95,0.034194151167129434
FP481,0.034182010356807936
GATS5c,0.03410738240914891
FP268,0.034084572893224245
AATS3i,0.03408280428081931
FP376,0.034066465005103574
ExtFP441,0.03404604350916152
FP782,0.03404359996686989
FP285,0.0340273165309646
FP1019,0.033996419894603676
FP661,0.03393383591567504
FP663,0.033869090877947566
apol,0.03386339996385817
FP291,0.03382369513689162
FP80,0.03381286606272055
FP22,0.03379792040079184
FP484,0.03376502835389767
ExtFP974,0.033718827856658924
ExtFP295,0.03369944431176352
ExtFP221,0.033649602285920566
FP173,0.03363114575791946
FP809,0.03359457901947825
FP985,0.033582246102225426
ExtFP161,0.03357914936764125
FP678,0.03351778037233523
FP761,0.03349889121425938
IC2,0.03348789516260908
ExtFP943,0.03347961666482893
ExtFP80,0.03346666419699302
ExtFP815,0.03345968147967839
GraphFP517,0.03345744011242115
FP436,0.03340684326933137
ExtFP187,0.033378559350011244
FP486,0.033367440063043506
FP207,0.033357594983069075
FP300,0.033314494284957925
ExtFP263,0.033306516970365956
ExtFP712,0.03329548675928536
GraphFP898,0.03324878763855857
FP1016,0.033238878199808905
ExtFP236,0.03321645005204394
ExtFP759,0.03319229308513284
FP727,0.03319093174920815
ExtFP954,0.03317062582226773
ExtFP72,0.03313492823478478
GraphFP451,0.03312930910821177
FP718,0.033125864585963456
ExtFP450,0.03312312172712172
AD2D495,0.033114192350675274
ExtFP55,0.033098489345907714
ExtFP171,0.03308245887393172
FP582,0.033058104212615146
FP650,0.03305228567979254
ExtFP223,0.03302381754348074
FP788,0.03301300238440893
FP204,0.033011390730083454
ExtFP25,0.03298885581883185
FP734,0.03298070936163374
FP1011,0.03297037756777621
FP762,0.032951496933327495
FP342,0.032936077361823225
ExtFP90,0.03293159681738542
ExtFP901,0.03292916760449052
C2SP2,0.03291101314480161
FP987,0.032894048532175466
ExtFP239,0.03287928837508861
FP26,0.0328348637121031
FP249,0.03281571686548956
ExtFP1013,0.0327889973287958
ExtFP833,0.03271401310364765
FP311,0.03270193689823822
FP193,0.03262792310343759
ExtFP485,0.03260666788321795
MDEC-23,0.03259946105993408
ExtFP991,0.03258997605422877
FP951,0.032564907659800996
GraphFP965,0.03250205693681891
ExtFP807,0.032412481949396846
ExtFP331,0.03239117434318567
FP110,0.03236399614155983
FP526,0.032350338688193044
ExtFP773,0.032313255800768374
FP321,0.03229119889123448
ExtFP70,0.032268894960026225
FP225,0.03225819682102546
ExtFP269,0.03224497014486932
FP140,0.032151957248966474
FP907,0.03211949272866813
ExtFP114,0.032107980994339425
ExtFP388,0.03210007735402723
ExtFP132,0.0320850280983987
GraphFP302,0.03207261607763898
ExtFP802,0.03207246098371586
ExtFP24,0.032050128902818595
VPC-4,0.032003770100172406
GraphFP156,0.03196445888395119
ExtFP433,0.03194261737603983
FP344,0.03191190252212266
ExtFP118,0.03180592824018645
GraphFP87,0.031762436644070455
ExtFP21,0.03176234476749686
ExtFP591,0.031730311022936435
AATS5v,0.03164251598051208
GraphFP983,0.03155524173029577
SC-3,0.031539823421694466
FP955,0.031515028520611506
FP66,0.03144877563753574
FP394,0.03144438105096555
ExtFP347,0.03143452952314886
ExtFP782,0.031426652719280204
GraphFP115,0.03141395095606996
FP771,0.03141264848197602
ExtFP723,0.031394619671797
FP578,0.03132638777269138
FP3,0.03131150276919697
GraphFP632,0.03129517874974069
ExtFP888,0.03129155877629396
ExtFP878,0.031260367339533406
ExtFP747,0.031241718262957276
ExtFP554,0.031239686794687953
ExtFP78,0.03122482675958021
FP536,0.031202944671304182
ExtFP165,0.031153276878095475
ExtFP297,0.031119953070809208
AATS6i,0.031094817889709317
FP184,0.031067730916553408
FP800,0.03104358767814462
FP691,0.031032345165742305
FP1012,0.031006615160885962
GraphFP149,0.0309930170038594
ExtFP637,0.03097424637176535
ExtFP212,0.030964569916784528
ExtFP276,0.030963932901794444
ExtFP196,0.030926988438874654
ExtFP550,0.030860050925943152
GraphFP699,0.030846393932641006
AATS7v,0.03084005647739393
FP630,0.03083194107693012
FP572,0.030814498887732415
GraphFP1001,0.030744625998277948
GraphFP768,0.030742975432763685
ExtFP28,0.030729930066189078
ExtFP264,0.03072628131662046
ExtFP36,0.030706849944258995
GraphFP958,0.030673509334176584
ExtFP811,0.03066397810081311
FP634,0.030618291469749735
FP622,0.030566637149681407
ExtFP880,0.03056150214707281
FP556,0.03054399385535811
ExtFP671,0.030445646613707657
GraphFP899,0.030433229659639134
FP681,0.03040234837482777
AATS8v,0.030375408318556053
ExtFP786,0.03035007997033467
FP626,0.030257695075294733
ExtFP684,0.030222359840915716
ExtFP826,0.03021431442787159
GraphFP220,0.030186575824438667
FP557,0.03014630786851804
ATSC6e,0.03012649545939258
FP494,0.030122403354106864
ExtFP843,0.030101277860447695
GraphFP716,0.030049142543487724
ExtFP284,0.030033617513405123
GraphFP552,0.030029496205874768
ExtFP666,0.02998824295727422
ExtFP964,0.0299869845893834
ExtFP364,0.029972365048929316
ExtFP175,0.029956332573660042
FP739,0.029914163138219863
ExtFP1,0.029883367792876973
FP497,0.029853506592682176
FP200,0.029841245330772242
FP378,0.029835825537089047
ExtFP244,0.029826714530672833
ExtFP419,0.02980569823656307
FP267,0.029804023163044705
ExtFP711,0.029775659491954296
ExtFP603,0.02977033513965993
SCH-3,0.0297660772634593
ExtFP487,0.02975341793123191
FP37,0.029747684185138592
FP213,0.029735425540826053
ExtFP113,0.029734453868179658
FP464,0.029734074272739965
FP695,0.02964798456107806
ExtFP349,0.029645958575754243
FP6,0.029629397003501395
ExtFP389,0.029609103934751663
FP167,0.029593757743779738
ExtFP740,0.029588919063646676
ExtFP43,0.029587695815474643
ExtFP22,0.029577289451046852
ExtFP360,0.02946616062585338
GraphFP902,0.029427173558066767
FP635,0.029380097555664317
ExtFP592,0.029369315921409195
FP712,0.029319195775532367
FP925,0.029318828718556234
FP273,0.029284636442378765
GraphFP735,0.029243651931457094
FP687,0.029238838373876867
GraphFP947,0.029219030829066624
FP176,0.02921877800354092
FP348,0.029182468905550978
FP854,0.02916431463371137
ExtFP879,0.02915300358546603
ATSC3v,0.02910682282664273
ExtFP143,0.02909111314333569
FP435,0.029081864553278672
ExtFP123,0.02907549241525569
FP101,0.02906880011051721
ExtFP751,0.02900935804311482
FP981,0.02896445780494635
GraphFP174,0.028935308357840445
FP688,0.028922722644605766
FP448,0.02890298027504813
ExtFP386,0.02887083470832026
FP980,0.028847233645668522
ExtFP201,0.028841838548497322
ExtFP863,0.028825279437755192
ExtFP57,0.02878049077928491
GraphFP96,0.02877202082649735
ExtFP408,0.028771043419345926
FP750,0.028764553719570082
ExtFP895,0.028757586368721538
FP644,0.02875234211393839
ExtFP357,0.028706616706235293
FP269,0.02868854571799876
FP799,0.028679404437648198
GraphFP587,0.028666433637164996
GraphFP773,0.02865756602142779
GraphFP903,0.02863611124792309
ExtFP924,0.02860575957930254
ATSC6c,0.028584445703523215
GraphFP308,0.028580488768125363
GraphFP553,0.028565991772304893
GraphFP698,0.02852652109371546
FP235,0.028499655286023468
FP856,0.028491819470593486
ExtFP369,0.028484209110526085
ExtFP399,0.02847420286955909
FP292,0.028465198108135793
FP14,0.028447507091035006
AATSC6s,0.028447461804655943
ExtFP919,0.028430199292911747
VC-3,0.028427459112909604
GraphFP795,0.02842670811996504
GraphFP901,0.028426210733377692
ExtFP274,0.028415100342868795
GraphFP728,0.02839779986569676
ExtFP776,0.02835757413521133
GraphFP443,0.028349296058291416
GraphFP904,0.028344792825487825
GraphFP775,0.028343957485895056
FP359,0.028310504149786777
FP120,0.028296185353141313
ATS4m,0.028275611139432923
GraphFP913,0.028248266161247888
GraphFP851,0.0282182752491597
GraphFP122,0.028207060557425362
FP922,0.028206037794694983
FP990,0.028174065038245266
ExtFP817,0.02817216140122857
FP357,0.02814597193094826
FP487,0.028123549892329427
FP647,0.028121189601056966
GraphFP891,0.028090379774610832
FP308,0.02808822891383316
GraphFP261,0.028086812314660158
MDEO-11,0.028066890621890852
ExtFP694,0.028050246668267515
ExtFP721,0.028013482094399543
FP722,0.028009432795912843
ExtFP875,0.02794971320636673
GraphFP390,0.027943360029961683
ExtFP578,0.02792719069424558
FP232,0.02791204199185558
ExtFP675,0.027906504856808997
FP810,0.027904119604100185
FP857,0.027891244263804956
FP425,0.02787560275650154
FP197,0.02787543573521252
C4SP3,0.027838351683969215
FP656,0.027813326680972455
GraphFP457,0.027799985163323902
AD2D501,0.027766362493330008
ExtFP929,0.027760347197541904
GraphFP453,0.027734851519593408
ExtFP540,0.027680735709303395
FP314,0.02765739754676761
ExtFP9,0.027648139918520876
FP827,0.02761609901759229
ExtFP656,0.02760798650121725
AATSC6e,0.027602352615332768
GraphFP60,0.027588641306670103
ExtFP615,0.027515672174253346
FP996,0.02748634156181717
FP539,0.02745733472456689
ExtFP553,0.027440741729236995
XLogP,0.027437308541595727
JGI2,0.02743471058937306
ExtFP679,0.027418561733091908
GraphFP338,0.02740827725453177
FP831,0.027408073730188512
ExtFP182,0.027397959384557233
FP491,0.027395800126755916
ExtFP597,0.0273927823451851
GraphFP755,0.02738874494129144
FP1013,0.027388599165876836
ExtFP518,0.02737680941709117
FP20,0.027359831309411064
FP514,0.027289067275071726
ExtFP744,0.027285040769918004
FP684,0.027281083540890236
ExtFP624,0.02726521355214212
FP306,0.027255173329417324
FP551,0.027252111098823906
FP841,0.027247219846654985
FP440,0.027246788846826783
FP142,0.027246217254469764
ExtFP889,0.027238957197256768
FP335,0.02722788921885872
FP117,0.027220777392347444
ExtFP806,0.02709621372661373
ExtFP92,0.02708538571181732
ATSC2c,0.027055060234103354
ExtFP967,0.02704454003053726
ExtFP617,0.027035661459625302
FP404,0.02702457459243759
FP19,0.02701627974839338
FP937,0.027016213286246146
FP610,0.027008891256392702
ExtFP259,0.026999985540913197
FP287,0.02699637587887576
ExtFP292,0.02698900073926387
FP420,0.026983842113923122
GraphFP638,0.026979886775343312
FP835,0.026971319473317955
FP421,0.026943529153155597
ExtFP288,0.02693713963103736
FP803,0.026917661838054954
FP654,0.026898717697322026
GraphFP104,0.02688715451113126
ExtFP5,0.02688272367571805
ExtFP148,0.026874689292864202
GraphFP604,0.026838596867600376
ExtFP947,0.026823671903832978
FP549,0.026758087385301943
ExtFP803,0.026726192062416245
ExtFP835,0.0267069931720208
GraphFP44,0.026697448608647995
ExtFP748,0.026697082223243147
ExtFP353,0.026679619826225208
IC1,0.026643819693659355
MDEN-13,0.02663391004772933
ExtFP51,0.026627357357057638
ExtFP15,0.026586769017602867
FP682,0.026548087073786714
ExtFP451,0.02654628680535243
ExtFP541,0.026538444614188646
FP75,0.026533461662713944
ExtFP998,0.026527724069985624
ExtFP252,0.02646736429544575
FP893,0.026458781760463537
FP370,0.02642935516404283
ExtFP673,0.026410004905678325
GraphFP783,0.02639895571529416
GraphFP129,0.02636966269872627
ExtFP185,0.026332385919783804
nN,0.026316367640146113
FP332,0.0263129482185952
ExtFP327,0.026280160460951857
GraphFP925,0.026275464117797152
FP360,0.026265561683254734
ExtFP359,0.026228074262512342
ExtFP536,0.02621701545621498
FP52,0.026206416971210192
SpMax_Dt,0.026186037770613693
ExtFP608,0.026177440572651086
GraphFP731,0.026131174081541694
FP345,0.026094340490661155
ExtFP135,0.026060788921807566
ETA_BetaP,0.02605108634519986
FP88,0.026003132712679275
FP60,0.02600052222184637
GraphFP47,0.025979582426429497
FP433,0.025961529089271823
FP209,0.025959732540833544
FP347,0.025941621625532593
FP398,0.02591411853944352
FP714,0.02588924111398254
ExtFP383,0.025883414199451282
GraphFP590,0.02583682735920711
ExtFP355,0.02582441475223568
FP747,0.025816379198707138
GraphFP576,0.025780186141711472
ExtFP246,0.025774498583045462
FP478,0.025762644992766957
FP749,0.025755986425864467
GraphFP135,0.025737409897483146
ExtFP792,0.02570062240905087
ExtFP305,0.0256432633163006
GraphFP723,0.025616030059391275
GraphFP259,0.025615577338287017
FP571,0.02561292381471176
ExtFP973,0.025578877544513934
GraphFP787,0.025560644485375476
FP89,0.02555535368873731
FP728,0.02555419046666019
GraphFP86,0.02554228913655173
FP623,0.025512821696138825
FP574,0.025497442584808617
FP671,0.025492999977472623
FP500,0.025491282704913774
AATS2i,0.025476510075501394
FP524,0.02547357385181357
FP205,0.025465085855811483
GraphFP774,0.025390181799863423
FP493,0.025366418208744787
FP542,0.02533941482559237
ExtFP432,0.02533190707814122
ExtFP635,0.025330101971994458
FP662,0.025321945400542126
ExtFP159,0.02532022025794729
FP735,0.025309565303648786
ExtFP900,0.025275075852364746
FP161,0.025251227940562615
ExtFP463,0.02524714485748015
FP465,0.02523550122871732
FP890,0.02523429084717182
FP909,0.02519281509065446
ExtFP661,0.025150757590720732
GraphFP276,0.025150488236726592
FP512,0.025147135612571196
ExtFP645,0.025123025799134148
FP482,0.025088868093497443
ExtFP336,0.025072693772325162
AATS0i,0.02506407524302838
MATS3m,0.025057016650080168
FP746,0.025036886355510234
GraphFP896,0.02501642882793552
AATS3v,0.025006402221711212
FP838,0.024986734446205864
ExtFP138,0.024973689396143202
FP9,0.02496549417030513
FP818,0.024940954483859083
GraphFP948,0.02492053497753853
ExtFP871,0.024888797421582395
ExtFP690,0.024821344304039917
FP327,0.0247715673123657
FP1003,0.024765005773948506
FP419,0.024757643672138334
ExtFP317,0.024746025004297487
ExtFP106,0.0247373853820777
ExtFP777,0.024734135054423487
ExtFP38,0.024731687185025168
FP601,0.02472270071392047
GATS3p,0.024718306649899092
FP180,0.024697464744937142
GraphFP741,0.02465566749857567
GraphFP131,0.02462787842382305
nHBAcc_Lipinski,0.024617260928046357
ExtFP881,0.02461391758232914
GraphFP409,0.024559417679762458
FP596,0.024545064256413455
FP163,0.02453732612129499
ExtFP958,0.02453701871289721
ExtFP265,0.024492181963627867
FP393,0.024481878531247156
GraphFP645,0.02445304376982382
GraphFP297,0.024447689179108605
FP148,0.024442682348421837
FP160,0.024415177297439833
GATS8c,0.024409535736044152
FP859,0.024406155858192422
GraphFP908,0.024387575898955575
ExtFP255,0.024365999069537254
AD2D407,0.02436188845963336
FP7,0.02436072612256614
FP145,0.024349806148890193
FP703,0.02433709512850818
ExtFP648,0.02433229949836605
GraphFP677,0.02432698812620647
ExtFP903,0.02431277037422651
ExtFP672,0.02430828718527484
ExtFP547,0.024291669329234884
FP216,0.024237822631737117
FP814,0.024219045923349475
GraphFP572,0.024178940084647164
ExtFP193,0.02417867886760659
FP410,0.024160419026587186
FP475,0.024158492132201632
MATS6s,0.0241474851678251
ATSC8i,0.02409918299435285
FP592,0.024071080410546165
GraphFP839,0.024063158402805086
FP903,0.024061564579108855
GraphFP736,0.02404870663819081
FP228,0.024042538728827136
ExtFP772,0.024037453836297587
GraphFP224,0.024036775090791905
ETA_Epsilon_3,0.024015989609782188
ExtFP48,0.0240010617827303
ExtFP308,0.024000126011631435
ExtFP73,0.02398376639106892
ExtFP546,0.02397570520231906
ExtFP407,0.023968067185745696
ATSC5e,0.023964732289981576
GraphFP581,0.023957063163798142
GraphFP226,0.023955628889015812
ExtFP870,0.023950891546371533
ExtFP440,0.02394419007066542
FP737,0.023943025828793263
FP699,0.023939100710615908
FP156,0.0239376003201636
ExtFP961,0.02393614773654295
ExtFP555,0.023933409734961376
GraphFP944,0.0239210082347269
ExtFP20,0.023920851545705214
GraphFP424,0.02390421080322852
AD2D329,0.023900958887145444
ExtFP735,0.023894581356058875
FP731,0.023889858714239345
FP406,0.02386189430513407
ExtFP882,0.02385510543290675
FP61,0.023853615129563167
ExtFP731,0.023819158613422552
GraphFP465,0.023792042576201638
GraphFP472,0.023716824922996354
ExtFP285,0.02370457085009632
GraphFP527,0.023673705831780707
ExtFP86,0.023663590893705184
FP333,0.02366098487494479
FP871,0.023643295026961705
ExtFP864,0.023631737046172174
ATSC5c,0.023628128285752795
GraphFP405,0.02362367885718274
FP92,0.023596315942934015
GraphFP140,0.023593539563984064
FP690,0.02358528227127469
FP309,0.02357955683812788
VR3_DzZ,0.023569674824272135
GraphFP513,0.023566830732629957
GraphFP914,0.02351849420106648
GraphFP196,0.02350784898685101
GraphFP569,0.02349650800764438
GraphFP815,0.023485429762322953
ExtFP538,0.023463180599844567
FP324,0.023461319844007886
FP122,0.023460504961517453
GraphFP680,0.02343880854247948
FP849,0.023433884205462725
FP361,0.023414977212885064
FP236,0.023385302330230926
ExtFP997,0.023377095356490477
GATS4p,0.023372563050977433
GraphFP637,0.023368868137039298
ExtFP691,0.023344543164386545
FP196,0.02334278219157245
ExtFP61,0.023339165204790964
ExtFP696,0.02332855430089519
ATS2s,0.023284299755765504
MDEC-24,0.023280306575962285
ExtFP981,0.023265335999556182
FP829,0.02326431355729009
GraphFP145,0.02325378341197061
ExtFP575,0.02322169812774487
ExtFP335,0.02320614686937219
FP874,0.023202815604051095
ZMIC1,0.023201359296755524
GraphFP3,0.023192974460066733
ExtFP587,0.023181860832887514
ExtFP896,0.023181586990215403
ExtFP325,0.023156447244650578
SCH-6,0.02314746217309867
FP262,0.0231420109033141
ExtFP749,0.02307601660703817
GraphFP303,0.023072507933216135
ExtFP944,0.02303077979904304
ExtFP539,0.023021599531007644
GraphFP681,0.023002508611153445
ExtFP470,0.022994620216598323
FP974,0.022964828324488148
FP263,0.022948458160638025
FP675,0.022941534638842506
FP815,0.022941274950983772
GraphFP491,0.02292504629706291
ExtFP64,0.022923271727811844
ExtFP401,0.022919419127425105
FP898,0.022907883838667122
ExtFP745,0.022887307717051827
ExtFP890,0.022846723636155315
FP633,0.022839026801518485
ASP-1,0.02283573539580566
ExtFP130,0.022821045150922984
FP560,0.022819204424072363
ExtFP529,0.022799149471066146
ExtFP6,0.02278414063526651
ExtFP277,0.022768578597369752
GraphFP485,0.022767276599614288
ExtFP437,0.022757920988496917
GraphFP630,0.022757466474450247
ExtFP47,0.02271919199087646
GraphFP397,0.0227117878937596
ExtFP902,0.02270472676915003
ExtFP584,0.022703485452908474
ExtFP932,0.022669155431796293
FP915,0.022664978448886392
ExtFP235,0.02266327723880674
ExtFP593,0.022627067429187152
GraphFP73,0.022625984716801363
GraphFP679,0.022613950214012014
ExtFP396,0.022587730490135297
ExtFP730,0.02257250591746716
GraphFP838,0.022554758133128367
ExtFP462,0.022519609180120588
GraphFP51,0.022518206656011824
FP983,0.022511140588794748
AD2D326,0.022507430213574972
ExtFP30,0.022494614594336264
ExtFP340,0.02249211810302242
ExtFP139,0.022460692861259283
ExtFP346,0.022460174284412073
FP84,0.022459855466299868
GraphFP727,0.022456873421090692
GraphFP984,0.022455547200133565
GraphFP949,0.022455321526820993
GraphFP329,0.022450956900825627
ExtFP572,0.022443805099531783
FP387,0.02241591964967407
FP64,0.02240887775358095
FP816,0.022365889268778905
FP97,0.022351112475257257
FP875,0.022326292463845647
ExtFP548,0.02230312140756668
ATSC3s,0.022280939167124286
ExtFP793,0.022266592451544026
ExtFP765,0.022260883186379865
FP532,0.0222584435474575
AATSC5p,0.022258401366192265
ExtFP633,0.022247497711489695
ExtFP948,0.022200898363973754
ExtFP912,0.022198485443777248
GraphFP606,0.022196909286889208
ExtFP576,0.02219489125882494
FP126,0.02217662370836858
ExtFP562,0.022169530864955246
ExtFP156,0.02216901675027824
GATS5p,0.0221294672064721
GraphFP489,0.02211773968589235
FP868,0.022105775146528967
FP664,0.022085805927582046
ExtFP324,0.02208012412898845
GraphFP511,0.022078420082315656
FP669,0.022071945426148945
ExtFP10,0.0220449598874826
FP1018,0.022029537366823903
FP599,0.022029228954879323
FP508,0.022028555517429885
GraphFP678,0.022008553339880756
FP316,0.021948640886759848
FP1024,0.02192227092667032
GraphFP427,0.02188624588911727
AD2D92,0.02186752623150023
FP346,0.021835584962303062
ExtFP866,0.021834492964237638
FP319,0.02182461879754999
FP781,0.021799356652999494
GraphFP695,0.021769709726191442
FP226,0.02175544920201278
FP879,0.02175277220896639
ExtFP733,0.021740763300445474
FP336,0.02171398865097355
GraphFP660,0.021696516209733244
ExtFP682,0.02168500104603805
FP611,0.021668593300950164
FP38,0.02164803285962524
FP399,0.021643978384825093
MDEC-13,0.02163749140361524
ExtFP145,0.021621228182067635
FP388,0.02161263981942106
ExtFP993,0.02161195734855602
FP738,0.021605963724957378
ExtFP521,0.02159590709464355
GraphFP45,0.02156791779330017
GraphFP532,0.021561406261328107
ExtFP131,0.021559279797497475
GraphFP92,0.02154980320517599
FP541,0.021508989694409786
GraphFP911,0.021497880557308353
FP894,0.021494124770273064
ExtFP796,0.021493205909970236
ExtFP995,0.021475022877665038
ExtFP701,0.02146669530396105
ExtFP150,0.02146405809902468
FP962,0.02145830866412038
FP752,0.02145535236919504
GraphFP536,0.021450495795848703
FP895,0.021439117077743677
ExtFP387,0.021407060507665564
ExtFP710,0.021386227042877792
GraphFP782,0.021362275476369298
AATS5i,0.021356861816605073
ExtFP784,0.021348135627310538
GraphFP281,0.02133528613002216
GraphFP430,0.021324222751086138
ExtFP110,0.021321337934837578
ExtFP404,0.02130361432410247
FP548,0.02128922584928927
FP946,0.021276352588019153
GraphFP738,0.021245733074392672
FP629,0.021235566517537934
FP948,0.021226811116731265
FP227,0.021211141170982658
FP561,0.02120524115106745
GraphFP35,0.02119317691008587
ATSC5p,0.021179276594057012
ExtFP469,0.021122679786193622
ExtFP620,0.021119995139678296
GraphFP739,0.021107388317720382
GraphFP253,0.021091120471272498
ExtFP834,0.021046354042982184
ExtFP141,0.021023826497548068
GraphFP450,0.02101222561019923
FP429,0.021000936335163877
ExtFP680,0.0209953418690804
FP150,0.020973750602442387
FP554,0.02097278925121082
FP128,0.020965988103274345
AD2D550,0.02095216416708505
ASP-0,0.02093911450688533
GraphFP100,0.020931537813646234
GraphFP707,0.02093019983038303
GraphFP144,0.020913864933292517
FP521,0.02090810045253596
GraphFP271,0.020850061943909447
ExtFP568,0.020796656263966644
C3SP2,0.0207820645322473
ASP-3,0.020769042574769775
FP759,0.020742035132424022
FP27,0.0207308013273743
GraphFP635,0.02072966779268968
FP947,0.020704664209825342
GraphFP204,0.020697932950214055
ExtFP892,0.020694660571896336
FP446,0.020663077933883056
ExtFP858,0.020661293659784148
FP858,0.020633587590038957
ExtFP50,0.020578824422097932
FP42,0.020577075045264417
FP872,0.020574213695042334
ATSC2m,0.020551849742528636
FP154,0.02052847100458165
FP32,0.020524138359275846
GraphFP543,0.020510815585222754
FP100,0.020505653343920977
ExtFP688,0.020495110430584683
GraphFP964,0.020486419469710995
AD2D706,0.020483787411706166
FP304,0.02047801142384121
ExtFP371,0.020474858919638322
ExtFP869,0.020468937716630005
SIC0,0.02045098975020192
FP545,0.02040444666420405
ATSC4v,0.020391991416507202
GraphFP163,0.020390799147935318
AATSC6c,0.02037400933008899
ExtFP32,0.020332680379377015
ATSC1c,0.02032261779279798
FP339,0.02030854866606782
ExtFP757,0.02029822039336768
VC-5,0.02027614294513439
FP840,0.020259547959574166
ATSC3m,0.020248182381277426
GraphFP955,0.02024495581852335
FP40,0.020244782067655273
FP581,0.020242141956120546
FP765,0.02024181417270622
GraphFP72,0.020216458111091774
FP535,0.02018509838025289
GraphFP479,0.020181607433994886
ExtFP797,0.020151358034658482
FP282,0.020144612077536
GraphFP229,0.0201268795199804
ExtFP980,0.02012535671897849
AD2D414,0.02011794188204676
FP887,0.020112517526681202
ExtFP523,0.020104552265548505
ExtFP706,0.020094119255050984
FP587,0.02008843473125274
FP568,0.02008411130108391
ExtFP614,0.02008177808541369
FP785,0.02007607703745169
ExtFP714,0.020075983219503567
ExtFP403,0.020064421177307116
AATSC0c,0.020063071173834317
FP44,0.0200599839016734
FP198,0.02003701776785642
AATS5m,0.020024747836843274
GraphFP136,0.01998638841451003
ExtFP512,0.01993632237552529
ExtFP465,0.01993481768798213
GraphFP223,0.01989976351708983
GraphFP486,0.019878875954888818
ExtFP816,0.019877734242006544
AATS0v,0.01987519801057677
ExtFP855,0.01987199247566274
ExtFP499,0.019856255394481333
ExtFP299,0.019855947247845077
FP717,0.01985037904086946
ExtFP520,0.019823752238205143
FP343,0.019810046641523058
AD2D483,0.019807212982946135
GraphFP643,0.01979386294234
ExtFP203,0.019770288074721237
ExtFP376,0.01975820700705118
ExtFP616,0.019749881092473366
ExtFP103,0.01973776189532631
ExtFP577,0.019737608956311804
FP353,0.019699605605445824
GraphFP796,0.019689973715487103
ExtFP832,0.019658715237634065
ExtFP484,0.019632043398265832
ASP-7,0.019613494863732137
FP418,0.019610024024451233
ExtFP573,0.01958955051903557
ExtFP231,0.019587752310444635
FP573,0.019584695791771037
ExtFP126,0.019568215357543425
GraphFP664,0.0195562887187562
FP245,0.019551508944530206
GraphFP762,0.019543670607280697
ExtFP734,0.01952967779585938
FP2,0.019517982262885026
ExtFP298,0.019496704903347196
ExtFP887,0.01949205305505862
FP991,0.019481113092914986
FP112,0.01946178660209704
GraphFP763,0.01945998285759432
ExtFP570,0.019458923502061385
FP945,0.01945799908586853
ExtFP186,0.01945682312042235
MDEC-12,0.0194403117897982
ExtFP799,0.019425402465634588
GraphFP285,0.019423700049735957
FP811,0.019373946223544953
ETA_dEpsilon_B,0.019372442568287348
FP519,0.01935775382545886
FP677,0.019346808497521312
ExtFP534,0.019344811991270413
GraphFP541,0.019336084033479035
GraphFP962,0.019332426491909895
FP467,0.019315854028175237
ExtFP930,0.019308038212347424
FP5,0.01930661069128505
FP642,0.019296998593588653
FP158,0.01929565827106615
FP276,0.019291786188587626
FP454,0.019264878936738963
AD2D626,0.019256264901130464
FP751,0.019249695986860885
GraphFP418,0.01924282683145372
FP8,0.019242086700668407
MDEN-23,0.019239690646527096
ExtFP594,0.019226807589141717
FP828,0.01921574903507143
ExtFP778,0.019212180355732432
LipinskiFailures,0.019197235305135178
GraphFP155,0.01918288100401419
ExtFP434,0.019164062195695025
ExtFP798,0.01916381633056264
ATSC3e,0.019143943107515913
ExtFP443,0.019120795423465176
FP371,0.019110135565932412
AATSC6i,0.019099814229900473
AATS1i,0.01909666405668284
ExtFP493,0.019090559958458462
GraphFP781,0.019084086832626357
FP290,0.019074921924415796
FP860,0.019060284447702403
ExtFP823,0.01905638907305646
FP963,0.019040931775660155
FP172,0.01904073121117934
ExtFP681,0.019021120624749286
ExtFP380,0.01901201695845375
ExtFP509,0.019009960139528936
ExtFP984,0.018996112661462842
nAtomP,0.018991387183294198
ExtFP516,0.018991321997516467
GraphFP432,0.018945053002755983
FP315,0.018931504317337283
GraphFP616,0.018922536776790507
ATSC4i,0.018917240162988465
FP248,0.01889878839958827
MATS1c,0.018894773239582163
MIC1,0.018889315637648545
ExtFP936,0.018868248092261206
GraphFP368,0.018859220577116385
FP966,0.01884101654360298
GraphFP609,0.01881334411578229
FP837,0.018808711868849814
FP591,0.01880277598628457
ExtFP814,0.01879942200393174
GATS4c,0.01879904349954123
GATS6i,0.018793227104234204
AATS7s,0.01876560530457949
ExtFP154,0.018742008657632005
FP83,0.018720045451386676
ExtFP643,0.01871245001910923
JGI5,0.018709815870216084
ExtFP700,0.01870829039901094
ExtFP417,0.01870765043652877
AD2D648,0.01867186070928219
FP585,0.018643712365039082
FP322,0.018639340262770136
FP657,0.018632666914555913
FP694,0.018632023499626033
FP31,0.01861958333534629
GraphFP153,0.01860936019462663
FP114,0.018604814025376313
GraphFP979,0.018599182524017602
GraphFP315,0.018586704510225368
AD2D559,0.018583513398770797
FP450,0.018541230399288927
ExtFP158,0.018506981463735868
FP413,0.018490620518190583
FP846,0.01848743283820254
ExtFP583,0.018483381373089088
FP721,0.018481260621424925
ETA_dAlpha_B,0.01844449973652247
GATS7e,0.018427887190017755
FP525,0.018409209703890067
FP415,0.018400828757115437
GATS5i,0.018383476809771326
MATS2e,0.018383175029227768
GraphFP547,0.018370033193191936
FP941,0.018357980570485082
ExtFP938,0.018348855277819723
AD2D325,0.018317055103312645
FP258,0.01829641236782956
FP113,0.01829540912973372
FP317,0.018293358434170157
GraphFP746,0.018292877834078094
FP912,0.0182837081469493
AD2D639,0.018280736982255873
ExtFP249,0.01826722436903118
GraphFP364,0.01825650857755169
GraphFP425,0.018245552325564084
ExtFP46,0.018234167051651748
FP523,0.018217337741629317
GraphFP426,0.018200865304035068
ExtFP211,0.018155185082591008
ExtFP166,0.018154606527860943
FP790,0.018150905312540214
FP673,0.01814703873232556
ExtFP945,0.018134888559237904
ExtFP358,0.018131199627496576
GraphFP330,0.01812210907086594
FP655,0.018106094087196024
FP971,0.01809936484580415
FP940,0.01809751523675159
FP367,0.01808800196581516
GATS6e,0.0180832215169585
GraphFP1002,0.01806833384286436
GraphFP607,0.01806665229681242
FP141,0.018056433646468004
ExtFP208,0.018023663890996026
FP426,0.018018579095362117
ExtFP867,0.017989044957527556
GATS2c,0.017965595181897522
ExtFP39,0.01796049398730072
ExtFP825,0.017959418511632463
ExtFP101,0.017943445787111163
ExtFP818,0.01794245830627641
GATS8i,0.017940024365592507
FP54,0.017927570605773286
GraphFP199,0.01792734974418879
GraphFP228,0.01792224432530461
FP929,0.017921664667692908
ExtFP111,0.01790621721383796
ExtFP365,0.01788715217400243
FP121,0.01786998742563133
GraphFP288,0.0178573846217027
MATS2m,0.017847514581844436
ExtFP121,0.017845865560136644
ExtFP837,0.017845305021473686
FP632,0.017844613632089203
ExtFP65,0.01784135702858553
FP488,0.01781444170616663
GraphFP912,0.017802987475621063
GraphFP586,0.017799688787167343
FP613,0.01779069632577144
FP628,0.017778245627245892
GraphFP834,0.017766177195142226
FP147,0.01776181314190249
ExtFP956,0.017741981266108195
GraphFP832,0.01772595981875592
FP822,0.017716525174360623
ExtFP370,0.017703834785291556
ATSC4s,0.01767257186799568
GraphFP972,0.01766312644171332
GraphFP744,0.01766208920965191
FP784,0.017656759726226795
ExtFP839,0.017650477501006286
MATS7m,0.017646364265897906
ExtFP107,0.017641119128111483
FP777,0.017631679938325647
FP897,0.017624429149530014
GraphFP919,0.017619384591022177
ExtFP764,0.01761740924541029
ExtFP533,0.01761661042850312
ExtFP67,0.017610307559782896
ExtFP334,0.01758618251257639
FP756,0.017584448677321993
ExtFP676,0.01757243001636192
nHBAcc,0.017564912881103407
FP1000,0.01755586320125081
ExtFP152,0.017552903060283828
FP326,0.0175328129279415
ExtFP634,0.017525708478069033
ExtFP646,0.01749396947210329
AD2D335,0.017488821354252927
ExtFP851,0.0174737504958845
GraphFP498,0.01745647747671138
FP643,0.01744121605230843
FP490,0.01743786445003098
ExtFP490,0.017418750453877946
FP383,0.017418287867774933
FP666,0.017414397322491743
GraphFP356,0.01741069675277214
FP468,0.01740091205305058
ExtFP708,0.017396807010355318
ExtFP237,0.01738720844551238
FP191,0.01737100735336834
FP135,0.017363958524985155
FP653,0.017342007771124504
ExtFP105,0.017339827722497772
ExtFP1012,0.017334798455708813
ExtFP372,0.017328176775643897
ExtFP209,0.017316331092961466
SM1_DzZ,0.017312063596564436
GraphFP886,0.017310466330257616
FP649,0.017305455300566534
FP298,0.017304933838866682
GraphFP490,0.01728963518954232
ExtFP77,0.01728504326961432
GraphFP307,0.01728496277098374
FP740,0.01728153573286881
GraphFP167,0.01726724123832042
AD2D258,0.01726677649450256
GraphFP557,0.017263717798339
FP476,0.017252028019567663
AATS0s,0.017251122991110004
GraphFP221,0.017250157420956414
GraphFP496,0.017231536205614427
GraphFP740,0.017230835946924435
ExtFP836,0.017226026978402555
FP528,0.017217613030073034
ExtFP254,0.017213182379841437
GraphFP889,0.017208559541785063
GATS3m,0.01720232476783235
ExtFP647,0.017197358795719896
GraphFP62,0.017188985488501174
FP250,0.0171878447840531
ASP-2,0.01718689663101647
FP460,0.01718630146054274
GraphFP705,0.017180705186854238
ExtFP580,0.01717591333938328
ExtFP333,0.01717584376570854
GATS3e,0.017137896301000998
FP741,0.017121879597957714
GraphFP5,0.017091034366082832
FP206,0.01708836092909295
ExtFP120,0.017083608781259356
ExtFP914,0.017076508538301095
FP230,0.017054632041472804
AATSC5v,0.017039731313656496
GraphFP770,0.0170148984429896
FP105,0.016956625019566397
ATSC7c,0.01695210020779989
ExtFP477,0.016951399501753037
FP547,0.016950853319697003
AD2D415,0.01693960656875398
ATSC4e,0.016918154913968978
VC-4,0.016908634734627444
ExtFP532,0.0169049057682915
ExtFP850,0.016894399313340924
ExtFP596,0.016883944281242107
ExtFP37,0.016875094469432146
ExtFP192,0.016874125763575977
FP79,0.01684992612320149
ExtFP726,0.016845674757678425
GraphFP355,0.016827833000458408
GraphFP48,0.016822721243835215
GraphFP823,0.016816794426217196
FP137,0.01681202206447301
VCH-5,0.01680460457253172
GATS1p,0.01679449960982895
FP320,0.016783483085688142
ExtFP216,0.016767691503369476
ExtFP267,0.016763552301403147
ETA_Eta_B,0.016762916248654433
FP844,0.016757939966138866
FP942,0.01675465842224518
ExtFP19,0.016722955742392367
GraphFP268,0.016690900877103673
GATS7s,0.016681226997327225
ExtFP531,0.016672940318172524
FP826,0.016672842898449884
ExtFP395,0.016672753733906552
FP286,0.016669214365398977
nBondsT,0.016669074246166864
FP667,0.016658992414740836
FP745,0.016655685256297598
FP562,0.016654039546455935
GraphFP400,0.016652808612552573
GraphFP110,0.016652707534942347
ExtFP629,0.016651798516531938
GraphFP822,0.0166456279643123
GraphFP203,0.016644520533524974
GraphFP894,0.016643026483900033
MDEN-22,0.01662252665506542
FP920,0.01662230812356127
FP540,0.0166160437901139
ExtFP595,0.016608557546370275
ExtFP178,0.016607624987202366
FP36,0.01659771348698626
FP834,0.016594979325164246
FP1010,0.016586815503986066
GraphFP347,0.016575348466399707
FP886,0.016562286712221878
GATS4e,0.01655666237658546
FP431,0.016555185112682794
ATSC5s,0.016553426338320795
AATS8m,0.016544205128836663
GraphFP380,0.01653350368343029
GraphFP238,0.016521262541319172
AD2D548,0.016498387282271987
FP369,0.016497795470426742
GraphFP946,0.016491237232902408
FP914,0.016490978893953102
FP417,0.016489947111377763
GraphFP263,0.01648652057363703
ExtFP738,0.016470069388483943
GraphFP154,0.016460631228095057
ExtFP665,0.016460245370107932
ATSC2e,0.016459002431432303
FP515,0.016455700443976963
FP233,0.016428303432610022
FP474,0.0164177938532659
ExtFP971,0.016412501453363773
GraphFP943,0.01638429075334164
FP978,0.01635588827183647
GraphFP289,0.01634434653918212
GraphFP290,0.016342845027054177
GraphFP605,0.016342424663339614
ExtFP557,0.01633947575122947
FP289,0.01633847684351717
ExtFP939,0.016308063595579812
FP982,0.01629282864030955
GraphFP171,0.016290001930099687
FP186,0.01628727903441542
FP187,0.01628465619736923
FP567,0.016282708009693767
FP1,0.016282583482986394
GraphFP800,0.016282179188555256
MDEN-11,0.0162811057507408
FP195,0.016276406759452137
FP821,0.016260534206590353
GATS4i,0.016259500391093466
GraphFP265,0.016257570569173832
ExtFP951,0.016245140312151938
GraphFP726,0.01624093715198725
FP73,0.016236593737234208
FP522,0.016224057959145312
AD2D482,0.016208670582859394
ExtFP479,0.01619138252506826
GraphFP169,0.016188650597860142
ExtFP89,0.01617563873378634
FP397,0.01611083270143282
GraphFP197,0.016107852012942958
FP243,0.016101209741604387
ExtFP640,0.01609945149767157
GraphFP915,0.016081389342760037
GATS7m,0.016069075051813136
ExtFP804,0.016042543595548686
GraphFP526,0.016029198731091827
FP888,0.016026384647428317
FP772,0.016021718127377724
FP28,0.01600914906714338
GraphFP358,0.015998723546319114
ExtFP442,0.015991377723235525
MATS6m,0.01596206123444999
GraphFP909,0.015960875094859668
FP275,0.01595490245171742
FP612,0.015942476012851786
FP865,0.015939524663513855
GraphFP275,0.015923665490862562
ExtFP662,0.015913898827865848
FP850,0.01590352593822306
GraphFP93,0.01589350087018106
FP977,0.015892917166139293
FP877,0.015877413500377267
ExtFP716,0.015858958694236345
GraphFP548,0.015852375604170417
FP242,0.015836872077102427
FP430,0.015834525207616298
FP791,0.01582346228260975
ExtFP315,0.015812993334375382
FP382,0.015805042719616576
GraphFP924,0.01579471060982226
AD2D491,0.015785068648459084
AD2D628,0.015778769286654035
AD2D324,0.015761210952564095
FP288,0.015759410645518283
GraphFP883,0.0157529442774913
FP265,0.01574562613564031
ExtFP739,0.015736721625399804
FP496,0.015731751327619947
GraphFP1012,0.015726660282068605
FP565,0.01570794003733423
MDEN-12,0.01570611273972238
ExtFP375,0.015701824537018554
ATSC5v,0.01569477414449642
GraphFP852,0.015694719250255545
ExtFP612,0.015687571049232883
ExtFP655,0.015669883672263744
ExtFP189,0.015668210903134586
AATS0p,0.015665762137202836
GraphFP817,0.01566427474841556
GraphFP509,0.01565976707308815
FP509,0.015648069904254356
nS,0.015621396363079224
FP318,0.015618295498031795
GraphFP725,0.015616068978713083
FP453,0.01561530339146724
ETA_EtaP,0.01561250294829667
ExtFP564,0.015587527104242431
GraphFP1014,0.015580690927902029
ExtFP287,0.015577615989443674
C1SP2,0.015573940099293259
FP723,0.015563122741646254
FP99,0.015560196817335599
FP297,0.015557180271163219
GraphFP769,0.015550254160629235
FP853,0.015543687980570252
ExtFP18,0.0155309406123297
FP864,0.01552227581151521
GraphFP354,0.015522189735997678
ETA_Epsilon_5,0.01550100415127408
ExtFP585,0.015488435288440154
GraphFP546,0.01548428773327292
ExtFP392,0.01548234144510964
ExtFP544,0.015478485742437955
FP672,0.01547216927309825
ExtFP966,0.015461012579337992
FP259,0.015447231404952489
GraphFP977,0.015420624047669612
FP660,0.01539602142752484
GraphFP375,0.015392832367674827
ExtFP755,0.015386730112276164
FP698,0.015381076541220383
ExtFP962,0.015361687088662914
ExtFP605,0.015361449893131662
GraphFP488,0.015356868729634085
ExtFP709,0.01534871324976635
ExtFP100,0.015339575944200963
ExtFP177,0.01533938372752498
ExtFP71,0.015331860615555212
GraphFP1005,0.015330032548287745
ExtFP957,0.015326811286162274
GraphFP20,0.015321208068354122
GraphFP41,0.015315238794564827
ExtFP737,0.015309998726925112
ExtFP916,0.015305918500083818
ExtFP859,0.015298067314230288
ExtFP586,0.015295083414624024
GraphFP792,0.015288595715059014
FP504,0.015275904839371343
GraphFP83,0.015271728556229509
FP479,0.01523352244080693
GraphFP24,0.015223834037622857
ExtFP774,0.015220315633390087
AD2D470,0.015212426693079931
GraphFP554,0.015189287850209343
FP33,0.015163550048027748
AATS7e,0.015158829588287038
GraphFP880,0.015152296902542006
AD2D561,0.015151289468731743
FP668,0.015148602207768338
ExtFP207,0.015144249000843454
GraphFP270,0.015121257420830281
FP936,0.015117241886588289
ExtFP537,0.015113715670950162
FP49,0.015110185066332268
GraphFP703,0.015106329093477082
GraphFP841,0.015096405408313963
ExtFP750,0.015063838741297146
FP119,0.015049127980550641
ExtFP719,0.015044875205537288
FP665,0.015033174796613724
AD2D716,0.015018769126185055
ExtFP810,0.015009389505894788
ExtFP1015,0.015003119043062568
ExtFP934,0.014983602496889013
GraphFP921,0.014973102588015355
FP294,0.014959278926381608
FP768,0.014956210129665541
FP975,0.014943891779957032
AATS4s,0.014934895431663334
GraphFP292,0.014930071293016645
ATSC8p,0.014921895300288784
MDEC-22,0.014905243820203543
GraphFP952,0.01490373431715698
FP125,0.014892630940333046
GraphFP134,0.014875454725295797
GraphFP583,0.014862255443362978
AD2D402,0.014862062588270065
SC-4,0.014851608346771308
FP463,0.014839370463412127
ExtFP707,0.014835767023502255
ExtFP911,0.014835250771284076
ExtFP752,0.014832612175687897
ExtFP727,0.014816868635534695
ExtFP382,0.014814264878678996
FP724,0.014813736963951067
GraphFP377,0.014785548394798275
GATS1i,0.014781060212692453
RotBtFrac,0.01474844957339161
JGI6,0.014746370921027282
FP792,0.014739674939074838
AATSC5e,0.014724972770729481
ExtFP628,0.014722880782920387
GraphFP748,0.014687985104862782
ExtFP449,0.014655286566276533
FP424,0.014652481085891593
FP676,0.014651225937302711
ExtFP769,0.014641871164870176
GraphFP848,0.01463806452966065
ExtFP820,0.014635083822829392
ExtFP994,0.014630957776890312
FP766,0.014611927428316934
GraphFP235,0.014609548920032966
ExtFP273,0.014609235065619446
GraphFP961,0.014592020867780487
ExtFP489,0.014579220546550205
GraphFP258,0.014567957862073853
GraphFP981,0.014567116946952681
GraphFP103,0.014542116004206605
ExtFP198,0.014540730718452357
FP830,0.014531809869402048
GraphFP888,0.014526836972393882
ExtFP53,0.014522032307204174
GraphFP734,0.01451141744463691
GraphFP482,0.014507221540677686
FP965,0.014504078537944715
GraphFP938,0.014488959582776927
ExtFP151,0.014482351050760294
SCH-5,0.014479999207492468
FP104,0.01447287593968207
GraphFP423,0.014469860543967376
GraphFP675,0.014457422471934793
ExtFP480,0.01445326573979832
ExtFP180,0.014448371035453756
FP68,0.014446170453201077
ExtFP266,0.01444034560156213
AD2D392,0.014438517697274085
ExtFP992,0.01443736269426414
FP190,0.014421430489170278
ETA_Psi_1,0.014417569637845986
FP646,0.014411075282694717
FP25,0.014409835522691195
ETA_Beta_ns_d,0.01439612402145316
R_TpiPCTPC,0.014395635997778026
FP558,0.014367007678488893
ExtFP341,0.014352891411651948
GraphFP602,0.014336470883497909
AD2D259,0.01433627298444782
ExtFP226,0.014332239817395903
AD2D12,0.014331334415565816
FP215,0.014328424203780377
GraphFP582,0.014295278867144861
GraphFP283,0.01429320862518067
ExtFP289,0.014292202193015247
FP706,0.01426942096192493
GraphFP797,0.014261117796045946
nBase,0.014254260669094517
GraphFP650,0.01424959091089009
ExtFP172,0.014243305202628223
ExtFP771,0.014234571716359536
GraphFP101,0.014231958530989245
ExtFP215,0.014226907474354433
FP489,0.014224338982072487
SC-5,0.014206524994849165
AD2D735,0.014182799259824675
ExtFP245,0.014181198628495019
ExtFP427,0.014180149488337082
GraphFP475,0.01417887158711964
AD2D625,0.014174256054112041
GraphFP920,0.014168250896054254
ExtFP191,0.014162503418925755
FP553,0.014159425405497335
GraphFP910,0.014149941877387813
GraphFP495,0.014149529631936098
GraphFP1021,0.014129567113153494
FP41,0.014128738219062938
FP123,0.014125552338130473
ExtFP281,0.01410716955370769
GraphFP653,0.014104686943934934
FP457,0.014086496161193365
GraphFP564,0.014086236757194458
AD2D248,0.014079739432849786
AD2D627,0.014067552385904281
ExtFP830,0.01406539372938386
ExtFP452,0.01406041673853106
AD2D181,0.014056814078894399
GraphFP510,0.014053907788525413
ExtFP678,0.014052458806036422
FP221,0.014052106336905795
FP177,0.014044244614081871
FP201,0.0140400881023449
AATSC8i,0.014023782505526716
FP1014,0.01402179683197354
FP405,0.013991649320421467
GraphFP59,0.013954640608419635
FP776,0.013938384533457727
GraphFP349,0.013937489540617961
ExtFP853,0.013935179599887835
GraphFP990,0.013901788370388805
FP340,0.013898729071449165
ExtFP846,0.013896967613215754
ExtFP13,0.01388820220494083
FP659,0.013886014717966414
ExtFP535,0.01387920218288621
GATS6v,0.013854693270692466
ATSC5i,0.013851838664171669
AD2D547,0.013815600933985058
ExtFP952,0.013803789556727387
FP356,0.013801318548494323
ExtFP213,0.013785760007466863
GraphFP663,0.01377944425245654
ExtFP35,0.013770615142304468
FP95,0.013757830676965522
FP438,0.013735018830299758
ExtFP384,0.013731676278981161
GraphFP13,0.013713098674722394
FP477,0.013709295957887082
GraphFP524,0.01370643133288867
GraphFP337,0.013693084423206279
ExtFP190,0.013688170005720977
ExtFP972,0.013687577325686222
FP401,0.01368598398681582
GraphFP810,0.013673385711327469
AD2D418,0.013658949786239149
ExtFP319,0.013656459415522649
GraphFP198,0.013645978361941343
ExtFP398,0.013642883942726822
GraphFP328,0.013637031160034518
ExtFP942,0.013626897053791954
GraphFP38,0.013600261846394705
ExtFP491,0.013594552228011375
ExtFP453,0.013585301560817276
FP1022,0.013580115362651399
GraphFP551,0.013567172526884531
ExtFP844,0.013536899154258682
GraphFP344,0.013501964503312005
GraphFP816,0.013497341336786234
ExtFP986,0.013495748419287933
FP411,0.013475571237938133
FP4,0.013470282467037476
ExtFP234,0.01346204954716605
GraphFP871,0.01345908359761217
GraphFP90,0.013449226790240819
GATS6s,0.013444007374456638
FP563,0.013442412561134428
AD2D486,0.013436446281168794
ExtFP625,0.013428670720983046
GraphFP514,0.013418261343361038
FP510,0.013417187407622594
ExtFP93,0.013415371843757715
MATS3s,0.013406836096092448
GATS3c,0.01340575307918426
GraphFP137,0.013387388261514059
FP674,0.01338349616650119
FP878,0.013380877339139955
GraphFP254,0.013374565609902495
GraphFP730,0.0133697841876529
AATS4v,0.013365561163906987
ExtFP88,0.01336034796940792
ExtFP323,0.01335720381676888
ExtFP1016,0.013351021370540287
GraphFP108,0.013350252384396797
ExtFP581,0.013349488717363042
GATS5e,0.01334084540288731
SM1_Dzv,0.01333750746263296
ExtFP524,0.013336371649383744
AD2D404,0.013336108444333774
ExtFP56,0.013324890260147586
ExtFP4,0.013322159172291629
FP763,0.013322146791123418
ExtFP7,0.013303362223856167
FP495,0.013289663999536506
FP640,0.013289476952346762
GraphFP847,0.01328910610481074
GraphFP721,0.013289100056234123
GraphFP340,0.013279490206161043
FP758,0.013266810407259669
FP377,0.013265112877602559
GraphFP594,0.01326286517516694
GraphFP876,0.013261086143683737
GraphFP222,0.013255772280288583
ExtFP91,0.013244378926797487
ExtFP498,0.013239368717626297
GraphFP843,0.013233029454648899
ExtFP963,0.01322722870683252
FP992,0.013221506857585637
ExtFP610,0.013210339746204334
GraphFP284,0.01320901410522851
GraphFP640,0.013195329034425243
FP892,0.013191516679733626
AATS8i,0.013190659969173573
FP813,0.013185727077230123
SIC3,0.013176163461937694
ExtFP2,0.013173132100347684
FP179,0.013164885376912107
VE2_Dzv,0.01315750962611715
ExtFP318,0.013155217796090262
FP994,0.01314348322250287
ExtFP136,0.013141454927403968
ExtFP848,0.013131690057208973
ExtFP218,0.013125029037720464
AATSC6p,0.013117393081050997
FP374,0.0131023021672764
GraphFP70,0.013090838827921274
GraphFP927,0.013090216852022428
FP171,0.013089937456976721
FP529,0.013067072026062122
FP1005,0.013061640832444942
GraphFP642,0.01303166493449546
FP170,0.013025293007014261
ExtFP345,0.013022935332109194
C3SP3,0.013019631598452076
FP358,0.013015757522463128
GraphFP361,0.013010707458648189
FP900,0.012999735710026416
ExtFP545,0.012996292600870159
ExtFP715,0.012996262286139948
GraphFP788,0.012978921295100417
FP680,0.012973108503587537
GraphFP674,0.012968949974711453
ExtFP785,0.012968538570554581
ExtFP978,0.012957477050970114
ATS0m,0.01293163757103563
ExtFP205,0.012931008977260478
FP175,0.01292326712744441
ExtFP982,0.01289940584460427
GraphFP567,0.012894533423408435
GraphFP574,0.012871567795929378
ExtFP125,0.012857640646679214
GraphFP487,0.012851620812508768
GraphFP256,0.012849583073553786
ExtFP705,0.012826666933639347
FP16,0.01281851087401959
FP244,0.012817989637327547
GraphFP274,0.012814914995982757
ExtFP987,0.01280685282981237
ExtFP959,0.012806670674688778
FP594,0.012806639861344489
GraphFP562,0.012806392232416638
ATSC6i,0.012803401177508843
AD2D337,0.012802371270058344
FP270,0.012791289670072573
FP473,0.012766664854014963
GraphFP353,0.01275900215791735
FP337,0.012758913562522678
ExtFP195,0.01275057222401075
AD2D637,0.012749569679304722
GraphFP519,0.01274899054857985
ExtFP502,0.012715136873225816
ExtFP522,0.01270385501735724
FP652,0.012703391138828943
GraphFP568,0.012701076692640914
AD2D549,0.012696189552389782
ExtFP464,0.012695126951616294
FP499,0.01267399101774176
GraphFP117,0.01266052251433041
GraphFP786,0.01265585673308131
FP355,0.012653178241353842
GraphFP382,0.012637450980873577
GraphFP973,0.012635053970917676
FP823,0.012633828077106904
FP341,0.01262530447107279
GraphFP575,0.01262338201604758
GraphFP394,0.01259847421965437
ExtFP670,0.012597785530292055
FP516,0.012596705003382195
FP11,0.012586321778554784
FP580,0.012584066630614578
FP901,0.012579082367687507
ExtFP1011,0.012575292219152637
FP352,0.01257375338075279
GraphFP969,0.012571126028954587
GraphFP671,0.012555535174308947
ExtFP149,0.012553867187822424
ExtFP638,0.012540341648733142
GraphFP148,0.012510642380124752
GraphFP84,0.012509321579290777
ExtFP362,0.012508801218299753
ExtFP354,0.012508534257651987
GraphFP713,0.01249275090883896
GraphFP454,0.012492189486294644
GraphFP704,0.01249103772775288
FP600,0.012483895951179066
GraphFP778,0.012461105465641439
GraphFP63,0.012448439245991493
FP967,0.012437442045018184
FP1008,0.012432543086869419
ATSC2v,0.012426518740650544
AD2D408,0.012418437897528539
FP296,0.012414925110200727
VE2_Dzs,0.012407217954499509
GraphFP856,0.01239713075356279
AD2D171,0.012393264231598054
AATS4p,0.01237215367194044
ExtFP789,0.012368458598692563
GraphFP57,0.012363689019670158
FP566,0.012359358506731675
FP115,0.012347002209401029
ExtFP224,0.012343650956009663
ExtFP222,0.012340952275759003
FP808,0.012340621543981066
GraphFP401,0.012328392405573143
GraphFP895,0.012320425263188191
GATS1c,0.012306731540828819
ExtFP910,0.012303359598321347
ExtFP841,0.012301862902220814
GraphFP466,0.012273889352265588
AATSC6m,0.012270173695528255
FP617,0.012250605835493072
ExtFP286,0.012247203768744552
GraphFP296,0.012238556289929233
GraphFP566,0.012222015080684878
FP323,0.012218254893704586
GATS2v,0.012217847902342845
GraphFP335,0.012162466819519933
ExtFP821,0.012156478845345011
GraphFP278,0.012155487690634972
FP726,0.012150045739630333
FP725,0.012146712725453594
ExtFP695,0.012145050187139501
ExtFP768,0.012141808183087775
FP552,0.012140347801043333
ExtFP40,0.012134298097757224
ExtFP779,0.012128395816817591
GraphFP683,0.012125339227775792
ETA_dEpsilon_D,0.012121805618926005
FP234,0.012114836776929304
ExtFP204,0.012106034514914436
FP1020,0.012088683678989583
ExtFP689,0.012083014015495356
FP732,0.012069755207440651
FP189,0.012063403979844572
FP219,0.012057630043121905
GraphFP164,0.012049338629341636
ExtFP137,0.01203694598725493
AATSC7v,0.012025150987320354
ExtFP200,0.011986844928807522
FP365,0.011975143506488371
FP817,0.011966554428790476
FP422,0.011957235909932196
FP1015,0.011953448211815347
ExtFP181,0.011914459577438932
ATSC1e,0.011910201654547963
FP264,0.011908810996253271
FP271,0.011886708041704682
FP916,0.011885194324705745
ETA_Shape_P,0.01187819114095687
FP462,0.011864017473924527
FP331,0.011863919989406026
GraphFP481,0.011850349202362425
ExtFP41,0.011842914270322552
AD2D631,0.01183812744808167
GraphFP758,0.01183625618533583
GATS5s,0.011823277574210785
GraphFP523,0.011813706093628326
ExtFP179,0.011786435270003765
ExtFP935,0.011779429633824964
AD2D560,0.011774982445702912
ExtFP561,0.011764180695953594
ExtFP248,0.011763275971105028
AATSC8s,0.011750493692820566
GraphFP217,0.011738968154093669
GraphFP311,0.011721529837756133
AD2D314,0.011715322398113924
FP855,0.011714184357432192
ExtFP979,0.011696466105030391
FP303,0.011677132025947815
FP861,0.011673394771684175
MATS5s,0.011640482428351952
GraphFP764,0.011622387470439147
FP59,0.01162209282990849
AD2D714,0.011611609015722058
GraphFP386,0.011608729275854185
FP957,0.011598747867036293
GraphFP431,0.01159281919948082
ExtFP104,0.01158986382161733
GraphFP267,0.011580045702642008
FP530,0.011571731852457428
ExtFP373,0.011562840505085731
FP939,0.011559159971497618
FP46,0.011549224585367201
GraphFP651,0.011546393679039047
FP56,0.011536320853087366
ExtFP965,0.011529224535051015
GraphFP659,0.011526890067863591
ExtFP122,0.011523108612797584
ExtFP636,0.011521940027853873
GraphFP600,0.011517488474701675
ExtFP42,0.011514979855246039
C1SP3,0.011507641460967206
GraphFP701,0.011501309693633367
GraphFP230,0.011492341015580117
FP943,0.011485063121495437
ExtFP677,0.01148436372947455
ExtFP271,0.011478826483385916
ExtFP83,0.011475213675542958
ExtFP243,0.01147117164417622
FP736,0.011463593162074773
GraphFP94,0.011456352532991909
ExtFP590,0.011456199345820173
FP224,0.011428536799919106
GraphFP530,0.011422912934243783
GraphFP849,0.011416845914403614
GraphFP540,0.011401574554781637
GraphFP312,0.011398016606284438
AD2D704,0.011384298353276485
GraphFP599,0.011343245156639412
GraphFP648,0.011343242886680895
GraphFP125,0.01133532461413277
ATS0s,0.011333981069073665
ExtFP654,0.011333791402617754
FP778,0.011326354052208444
AATS0e,0.011324813299214009
GraphFP157,0.011319327098346916
GraphFP127,0.011308373949194529
FP144,0.011302770260377775
ExtFP601,0.011301100450041957
GATS6m,0.011298571182972162
ExtFP232,0.011297881142178454
GraphFP8,0.011293160505845548
GraphFP985,0.011281349688246409
AD2D413,0.011261939587529432
FP760,0.0112550206873439
FP301,0.011250424986535657
ExtFP756,0.011246636771481801
ExtFP170,0.011217902455443199
ExtFP657,0.011211625466666797
FP507,0.011202542666889538
FP279,0.011200036815541105
AATSC7m,0.011199754738867841
GraphFP877,0.011197599445647535
GraphFP99,0.011196462806046074
GraphFP4,0.011187130083893262
GraphFP40,0.011175988038534253
FP222,0.011175858108881413
ExtFP431,0.011172388587703919
AD2D405,0.011171324157385842
GraphFP357,0.011169867569797477
FP1017,0.011158292279999876
AD2D657,0.011118880587978384
GraphFP34,0.011074291189417895
FP299,0.011049887632656205
AATSC8c,0.011042497987874886
AD2D726,0.011041740383560152
ExtFP760,0.011035254067247011
ExtFP732,0.01103353229839752
ExtFP350,0.01103216081542017
ExtFP49,0.011029488357157256
FP999,0.011023441794754384
FP53,0.011021978730193395
ExtFP599,0.010978146342189238
ExtFP854,0.010976677628811752
GraphFP957,0.010969120854397819
ExtFP220,0.010964854372202742
GraphFP29,0.010963366822177141
ATSC3c,0.010956034648768499
GraphFP88,0.010949318930692791
FP351,0.010947317342817195
AD2D725,0.01094377784603466
ExtFP495,0.010943555608075821
ExtFP81,0.0109372500118908
ATSC1m,0.01093470996627016
GATS2i,0.010925734971222031
FP692,0.01091891701590991
ExtFP155,0.010903439109117572
GraphFP715,0.0108992021160896
FP730,0.010897610544110165
AD2D102,0.010884339830368673
GraphFP515,0.010879876727820556
FP720,0.010876516631979801
ExtFP471,0.010870350302652772
GraphFP262,0.01086346196492286
ExtFP795,0.010859970830340416
ExtFP14,0.010859390549649935
nRotB,0.010842354339230371
ExtFP348,0.010835804955299446
GraphFP165,0.010829452348269049
nAtomLC,0.010802003617177645
ExtFP59,0.010797166737790626
FP133,0.010794672502134443
GraphFP1019,0.01077874317786887
ExtFP467,0.010776705099311593
AD2D729,0.010775863203969884
FP65,0.010773394664461946
GraphFP853,0.010760931829089347
ExtFP261,0.010759601285504959
GraphFP95,0.01075546188825562
ExtFP574,0.010724215317396143
GraphFP686,0.010707371079731211
ExtFP247,0.01069063408701613
ExtFP906,0.010688659143637258
GraphFP863,0.010684127645182142
ExtFP913,0.010681903866089264
FP1001,0.010679010680856393
FP480,0.010678982662206125
GraphFP128,0.010671299272461514
FP284,0.010660109273222305
VE2_Dt,0.01064894413782164
ExtFP669,0.010648797962737806
FP261,0.010613767850063583
GraphFP7,0.010602564456053861
MDEC-11,0.010594289225881154
GraphFP264,0.010579385154324841
GraphFP250,0.010578701379916497
ExtFP510,0.010570633433663037
AATS7m,0.010555353101517208
FP423,0.01054523801270027
GraphFP214,0.010516909225138104
FP372,0.01051549239462539
GraphFP662,0.010515479762683503
GraphFP408,0.010497695738536914
FP199,0.010493794061507236
ExtFP356,0.010469715081976515
AATSC6v,0.010461983535120081
ExtFP210,0.01045955902118972
GraphFP905,0.010452618712593589
GraphFP601,0.01044630609080059
GraphFP147,0.010445964194533261
GraphFP279,0.010435961240721603
FP793,0.01043436389153675
ExtFP174,0.010434168897177522
GATS7v,0.010424549491649308
FP386,0.01041198682969369
FP1004,0.010411259816127559
ExtFP102,0.010406798117304624
FP111,0.010399790670907448
FP127,0.010389036358679762
FP636,0.010386233791043399
GraphFP343,0.010383357015696409
GraphFP183,0.01037920951419203
ExtFP908,0.010378776360725138
FP132,0.010373607277286099
GraphFP130,0.01037035752214924
FP329,0.010367478829346176
FP409,0.010354431791634845
MDEO-12,0.010348402575497814
ExtFP129,0.01033529640431833
ExtFP430,0.010329642044777121
FP774,0.010320009364604784
FP812,0.010306059470450532
FP679,0.01030428844974315
FP702,0.010298630163845583
ExtFP75,0.010289973249668391
FP93,0.01028668281236125
GraphFP625,0.01025365623415967
ExtFP909,0.010245494668268757
GraphFP884,0.01023871295023411
ExtFP124,0.010228485009346665
FP779,0.010228284001976702
ExtFP251,0.010220016935392588
GraphFP300,0.01021669328894348
FP773,0.010213852092818094
FP13,0.010211983989043234
ExtFP530,0.010194191467203427
ExtFP240,0.010192187646924266
GraphFP939,0.010182617484148221
GraphFP967,0.01017941374593334
ExtFP560,0.010176808254934366
AD2D249,0.010175228557038079
ExtFP754,0.010173216827136271
GraphFP747,0.01017064785080224
GraphFP25,0.010154338148739417
ExtFP219,0.010152032264152748
GraphFP978,0.010143158334527856
ExtFP368,0.010142092114598501
FP988,0.010127641643468417
AD2D636,0.0101027684612719
GraphFP779,0.010097038055533544
FP146,0.010091490485887368
FP278,0.010084369666005755
ATSC1v,0.010061347419560192
ExtFP780,0.010052082007686364
ExtFP472,0.010050510322770354
FP767,0.010050002777214649
AD2D189,0.010047795481591255
ATSC0c,0.010044783731435239
ExtFP743,0.010043392581095352
FP313,0.010037896396650465
FP658,0.00999490761787669
AATSC5s,0.009980291951675645
ExtFP278,0.009962257772487902
GraphFP421,0.009957547367981422
FP17,0.009955671090701505
ETA_Shape_X,0.009954068360137248
FP593,0.009926130125629144
FP517,0.009918953166642963
FP116,0.00990094622150716
GraphFP6,0.009882106293259809
FP362,0.00988201677714999
FP255,0.009866912345983617
ExtFP304,0.00985629831692769
FP711,0.009830088443019809
GraphFP16,0.009824049876848255
FP307,0.00982357173586656
GraphFP991,0.009809999941650063
GraphFP503,0.009805557342778829
GraphFP608,0.009801044662714352
FP237,0.009798525952129928
GraphFP12,0.009793603398639642
ETA_dAlpha_A,0.009789176451915441
GraphFP109,0.009781904645223256
FP686,0.009779440847561726
ExtFP283,0.009778157216699569
GraphFP215,0.009777945594243356
ExtFP268,0.009774826735744188
FP260,0.00977418236312677
FP968,0.009771269438751706
GraphFP669,0.009759706960176095
GraphFP120,0.009758422061621558
GraphFP512,0.009753603703235553
GraphFP798,0.00975359762333031
RotBFrac,0.009748070667325382
ATSC8e,0.009740053972550565
GraphFP802,0.009739372352178838
ExtFP746,0.00972998336844721
FP231,0.009712179474163323
FP783,0.009703299698480635
GraphFP580,0.009697179122737877
GraphFP611,0.009696313015766669
GraphFP996,0.009694562523234394
GraphFP14,0.009691287194491402
GraphFP133,0.009686570301927095
FP441,0.00968427781345828
FP538,0.009682288492464856
GraphFP175,0.00967397561970878
GraphFP327,0.0096653974811261
FP605,0.009665251779812886
ExtFP720,0.009661297130357394
ATSC2i,0.009651555732140216
FP891,0.009647915450614681
ExtFP579,0.009644469802152843
ExtFP410,0.00963943751976377
GraphFP119,0.00961619003785021
GraphFP178,0.009615517240033188
GATS7c,0.009614953652628124
ExtFP97,0.009607931773456502
GraphFP442,0.009605663517903701
GraphFP213,0.009604886126795656
ExtFP52,0.00960484365278831
ExtFP322,0.009584132707688986
ExtFP891,0.00957820190995544
GraphFP761,0.009568910633650654
ExtFP160,0.009542198166710364
FP959,0.009534651154410259
GraphFP534,0.00952697185773382
AD2D469,0.009525765707331817
FP325,0.009520464493224983
GraphFP179,0.009519249544828091
FP185,0.009518660025934903
GATS2m,0.009517535351110284
GraphFP1,0.009515457678680119
GraphFP37,0.009481511658713238
FP280,0.009470221124141476
FP733,0.009462935539571869
GraphFP794,0.009439691975952442
MATS4m,0.009437604173726216
FP719,0.009436496992080833
GraphFP750,0.009419872910176728
AD2D184,0.00941271004093235
FP43,0.009409142381670916
ExtFP631,0.009402014360878055
GraphFP528,0.009395229710371225
ExtFP163,0.009390508979572606
ExtFP306,0.009361978855077663
AD2D423,0.00935244975084387
ATSC8v,0.009349125742237304
GraphFP501,0.009343627734517527
GraphFP685,0.009342546114862104
GraphFP33,0.009318229791988765
ExtFP569,0.009314367256228653
ExtFP117,0.009313537325276096
ExtFP722,0.009281043162988422
FP627,0.009279157480325524
ExtFP381,0.009269995726985109
ExtFP969,0.009269032945715853
GraphFP644,0.00925411899185684
FP312,0.009252888212743752
GraphFP887,0.009231812631843899
FP928,0.009230115116719716
ExtFP506,0.009229208223243704
FP24,0.009226675783065798
ExtFP630,0.009199638600104745
FP459,0.009196692693572291
ExtFP674,0.00919113698072182
ExtFP977,0.009190504792176785
GraphFP362,0.009161688239126964
ExtFP528,0.009151756374022258
FP885,0.009142480229416189
GraphFP722,0.00913704096698138
ExtFP604,0.009128459835388203
FP34,0.00912508251748742
GraphFP476,0.009124698497047844
GraphFP124,0.009115474112007324
ExtFP311,0.009111618414354195
FP882,0.009096483778332535
FP710,0.009082787221339367
ExtFP146,0.009079538824127759
GraphFP216,0.009079072289040207
FP181,0.009066347126774657
ExtFP543,0.009062861409258046
GraphFP953,0.009062803469128383
GraphFP190,0.009038067918144784
GraphFP219,0.00903686052791302
FP862,0.009021603279021073
FP447,0.009010250431510025
AATS8s,0.008986963501552729
FP182,0.008966824781608476
FP246,0.008944922058760832
GraphFP141,0.008940540053217847
FP924,0.008928538953450445
FP328,0.008906825528016998
ExtFP140,0.008879484806799813
FP531,0.008874051725178236
FP917,0.008873298538208283
ExtFP214,0.0088646380343314
FP805,0.00885774737742882
GraphFP706,0.008853186457746635
GraphFP334,0.008841379066854524
GraphFP767,0.008823404794950524
ExtFP258,0.008817616511850401
ExtFP856,0.00878525012711336
GraphFP771,0.008764103874094598
FP455,0.008738634773257287
ExtFP162,0.008736784759113865
GraphFP91,0.008718212787213138
FP159,0.008714655726693872
GraphFP930,0.008701938609666383
GraphFP497,0.008677127117825931
FP55,0.008676467936839051
FP775,0.008671287571103109
GraphFP954,0.00867045411000846
GraphFP518,0.008665608821363796
ExtFP687,0.008664973729783254
GraphFP559,0.008644892934313277
GraphFP470,0.008644872343700889
GraphFP539,0.008595665624937219
ExtFP309,0.008582352600039865
FP134,0.008567837049233295
FP979,0.008566507881633463
GraphFP36,0.00856524687056371
ExtFP411,0.008553258619330957
FP74,0.008542929290883445
GraphFP255,0.008541493971552565
GraphFP187,0.008531887188002983
FP178,0.008531601679535596
FP241,0.008528529643013429
GraphFP585,0.00852673333635329
AD2D652,0.008526211246559433
ExtFP44,0.008525989342290425
GraphFP522,0.008509902818904956
FP1007,0.008506652547997318
FP588,0.008493768530350563
FP576,0.008490393513747354
GraphFP232,0.00848309043427404
ExtFP468,0.008479690904590687
FP412,0.008468925653973688
FP863,0.008467018212131633
ExtFP822,0.008465893428881762
GraphFP917,0.008447376906803849
ExtFP761,0.008442731874068419
GraphFP298,0.008437281416853128
FP513,0.008434388092963815
AD2D720,0.008432306051558994
ExtFP699,0.008430892062763434
GraphFP326,0.00842563289491479
ExtFP343,0.008414675868843542
FP439,0.008405331740766481
ExtFP514,0.008402946309460202
ExtFP999,0.008400217744071417
FP964,0.008398142732671615
AD2D651,0.008397919801265134
GraphFP286,0.008387912477635977
FP407,0.008384240102514148
GraphFP844,0.00838031263249043
AD2D330,0.008372220773173534
FP704,0.008370052283114245
GraphFP493,0.008368221636694161
FP579,0.008354139245114533
GraphFP652,0.008349492790893118
GraphFP240,0.008340666838639505
FP570,0.008332768627249796
ExtFP457,0.008314985886210869
FP338,0.008306346465717061
ExtFP199,0.008301888507184975
GraphFP499,0.008296788012329616
GraphFP260,0.00828920872200057
ExtFP758,0.00828629333687662
GraphFP452,0.00828626462315487
ExtFP618,0.008281474625036126
FP836,0.008281067680060178
AD2D558,0.00828072970064454
FP194,0.008279574899034164
ExtFP849,0.008270783448009897
FP188,0.008266258392299178
ExtFP819,0.008263255278388658
FP969,0.008256283546097282
ExtFP393,0.008250875058237959
ATSC8c,0.008239661144977739
GraphFP352,0.008238197264642564
ExtFP497,0.008231868648939177
ExtFP79,0.008222940500037482
FP705,0.008220942107990821
GraphFP437,0.008216267331611474
ExtFP812,0.008206364554018021
ExtFP725,0.008199339466227376
FP77,0.008196841851651702
ExtFP990,0.00819074696107841
ExtFP478,0.00818393730601466
FP608,0.008183417578244239
nF,0.008176360907867398
FP211,0.008174987684664238
GraphFP243,0.008157322561835278
AD2D312,0.008138558870137463
ExtFP728,0.008116141908986633
FP789,0.008115156907247557
GraphFP830,0.008111812637536082
GraphFP168,0.008110832064726566
FP825,0.008110386005038757
ExtFP946,0.008086536993659622
FP257,0.008085443805677415
GraphFP864,0.008085392072024985
GraphFP720,0.008081670287506457
GraphFP589,0.008077870098610123
GraphFP550,0.00806993312299895
FP458,0.008035238058651337
GraphFP968,0.008029591631282243
ExtFP602,0.00802395399599191
GraphFP818,0.008002148879926542
GraphFP273,0.007993671200898618
FP577,0.007988613684651267
GraphFP458,0.007984720078600419
ExtFP458,0.007979747553776976
GraphFP1000,0.00797415800194587
ExtFP109,0.007963837853832418
FP483,0.007959078808218
GraphFP118,0.00795760469775131
GraphFP398,0.00794841609922002
GraphFP516,0.007943557749651673
ExtFP62,0.007933889748140618
FP330,0.007926785093484948
GraphFP42,0.007912204483071242
FP883,0.007865409813096065
ExtFP466,0.007861964496099966
ExtFP307,0.00784257815968942
GraphFP241,0.00782368105229861
FP609,0.007820797090286373
FP976,0.007820537442796366
FP757,0.0078134070683035
GraphFP687,0.007810183699912209
ExtFP559,0.007807904982469816
VE1_Dt,0.007806254795719385
FP801,0.007781890079474692
GraphFP691,0.0077619734511855795
ExtFP337,0.007760306202440894
GraphFP207,0.007751744746804592
ExtFP904,0.007741065117083318
FP364,0.007736148388511161
GraphFP833,0.007730068834833593
GraphFP320,0.007723825655904043
ExtFP940,0.007721298640430589
ExtFP868,0.007716151258374179
FP824,0.007715190976863933
ExtFP627,0.007703247853635871
ExtFP250,0.0076850928787423126
GraphFP81,0.00768203463372968
FP403,0.007676127050272786
AD2D730,0.007672249973248011
GraphFP411,0.007653309568308489
GATS3s,0.007646991162422508
ATSC7p,0.007644526025566183
GraphFP324,0.00764341698692488
GraphFP18,0.0076428058851756705
GraphFP345,0.0076414045947602125
GraphFP560,0.007633174658958614
GraphFP316,0.007628557665270439
ExtFP202,0.0076213967044290115
ExtFP860,0.00762114557663522
ExtFP968,0.007609100398389959
GraphFP757,0.007601565135355882
ExtFP12,0.007582850770877617
GraphFP999,0.0075792654787822916
FP923,0.007566048657142457
AD2D485,0.007563491612985653
ExtFP34,0.00755849529265004
ExtFP921,0.007548547291581623
ExtFP366,0.007546866539183683
ExtFP397,0.007526977771827546
AD2D715,0.007518248339531312
GraphFP195,0.007512653735631263
ATSC8s,0.007508948227245895
GraphFP142,0.0075035101214740154
ExtFP685,0.007497170683026069
AATSC7i,0.007486778999300899
ATSC1i,0.007472570053261859
FP169,0.007464430459997562
MDEO-22,0.007462764644941159
GraphFP323,0.007445098459299589
GraphFP58,0.007437296071041007
GraphFP776,0.007434468085461274
ExtFP418,0.007431710721954277
FP902,0.007430445551813968
GraphFP234,0.007428339087139748
MATS4s,0.007422299796071812
GraphFP989,0.007398213632215953
ExtFP446,0.007396098445200279
GraphFP114,0.0073755751189762036
FP689,0.007372471899697508
ExtFP241,0.007358670190459136
GATS8m,0.007352408525385761
ExtFP503,0.007326440250892716
ExtFP588,0.007324964580887803
GraphFP882,0.007321035818713107
FP103,0.007319788273795641
AD2D717,0.007297122151067775
FP506,0.007292874169623065
ExtFP644,0.007280770090467611
ExtFP448,0.007277947124912521
FP214,0.007262351421121948
GraphFP193,0.00726208309232938
GraphFP617,0.007255911799883576
MATS8s,0.007254169628794406
AD2D363,0.007236011134667804
FP670,0.007233855677294638
ExtFP519,0.007223252342107543
AD2D207,0.007206185932098641
GraphFP502,0.007205008874322925
GATS1s,0.007204033430514482
ExtFP438,0.007177595543696437
ExtFP609,0.007169366040771175
GraphFP906,0.007150139497470532
FP637,0.0071485468377364405
FP932,0.007133378630004212
FP869,0.0071302683601959585
ExtFP668,0.007125030136900911
FP616,0.007120116550184968
PetitjeanNumber,0.0071111249736027496
GraphFP19,0.0070961914145802095
FP62,0.007078507272913659
AD2D493,0.007073772670434431
GraphFP987,0.007060521978398813
ExtFP923,0.007051585673790308
GraphFP878,0.007050460173249651
GraphFP666,0.0070360897443316524
GraphFP225,0.007025148615114554
FP543,0.007018540227070926
GraphFP931,0.007015387788693258
GraphFP317,0.007014306305633031
ExtFP142,0.007003343184555181
GraphFP993,0.007002913530250433
FP239,0.006993667201176744
FP461,0.0069925041850150685
FP683,0.006985257588031875
ExtFP898,0.006983423057024071
GraphFP942,0.006980289017159576
FP71,0.006971252596279202
FP930,0.006968993787984868
GraphFP429,0.00695110895524118
FP449,0.006949400137557616
ExtFP790,0.006942297383145682
FP843,0.006927429265084833
ATSC7e,0.0069256096305991615
ExtFP931,0.006916502448772057
ExtFP147,0.006902365893849302
GraphFP126,0.006882091374558968
FP589,0.006876435395697045
ExtFP320,0.006872706837336999
FP164,0.006857480154817042
GraphFP934,0.006856727432828488
FP921,0.006855150041616974
FP754,0.006851979613332044
FP368,0.006847056395955516
GraphFP682,0.006833395030930527
GraphFP293,0.006827524092199773
ExtFP686,0.006788079225573927
GraphFP933,0.0067878949710614474
FP76,0.006770281720221874
GATS6p,0.006762544219727062
BCUTw-1h,0.006757462403574627
FP685,0.006746924594921405
FP876,0.0067456710770965374
FP223,0.006742902742254528
FP952,0.006736415394777799
GraphFP172,0.006729791985551474
ExtFP983,0.006721463376847381
GraphFP508,0.0067197710961745295
GraphFP314,0.006716649376437046
ExtFP413,0.006711765556685537
ExtFP651,0.006698287137054853
AATS3s,0.006694980375316192
FP794,0.006686878787418186
GraphFP813,0.006679919559318315
AD2D285,0.006675872265068891
GraphFP460,0.006662591668333693
ExtFP233,0.0066593118281969765
ExtFP845,0.006653263904018514
AATS5e,0.006650087714488685
ExtFP230,0.006648213519770037
GATS7p,0.0066436474000283
GraphFP469,0.006639124097231784
GraphFP598,0.006632407527061485
FP15,0.006628091412316097
FP533,0.00662471168593139
ExtFP436,0.006619501751900064
FP451,0.006613102827403842
AD2D251,0.006612488160119571
ExtFP652,0.006607535471490828
GraphFP612,0.0065709076284928385
FP926,0.006570277586300817
ExtFP473,0.006564982841737859
GraphFP837,0.006547926471965125
FP795,0.0065462092357634945
ExtFP763,0.006535045288438227
AD2D174,0.0065327908051444564
AD2D705,0.006530246713006868
GraphFP494,0.006523353188614142
GraphFP673,0.006520781084663755
GraphFP636,0.006520253318502215
GraphFP22,0.0065161310872546225
FP935,0.006508756580906209
ExtFP692,0.006497792196423663
GATS8e,0.006483104813393862
GATS1m,0.006474692726670911
AD2D571,0.006455000521970845
FP701,0.006446907946042063
ExtFP474,0.00644608220874482
FP373,0.0064317769624309875
AATS1m,0.006428921074555974
ExtFP659,0.006419461967852672
ExtFP351,0.006418418136723821
FP993,0.006411153696793965
FP820,0.0064076790845598985
AD2D391,0.006400088093478712
FP212,0.006388070104853623
JGI10,0.0063863555340257505
GraphFP803,0.00638482590546238
ExtFP377,0.006348463297339087
GraphFP684,0.006341765071470694
GraphFP578,0.006331663218189795
FP18,0.0063272791819811375
ExtFP416,0.006312877324806914
FP165,0.006311550469203011
ExtFP82,0.006311319593578623
ExtFP76,0.006303473892351109
GraphFP647,0.00629578891443824
FP520,0.006293141757210433
GraphFP420,0.006290692250482447
GraphFP200,0.006288829513534798
FP602,0.006287306908422624
FP174,0.0062804074663574605
GraphFP21,0.006272784477070915
FP709,0.0062703126117751974
ExtFP361,0.006269493436632187
ATSC7s,0.006265388603964901
GraphFP772,0.006251116110088801
ExtFP435,0.006247374528500992
GraphFP385,0.006235936974249208
FP938,0.00621772132382259
AD2D170,0.006205961900202056
FP919,0.006203847951607652
AATS8e,0.006201599633084331
GraphFP584,0.0061996507423339375
GraphFP440,0.006186876780420993
ExtFP303,0.006184497084853904
ExtFP352,0.006179737466329777
ExtFP988,0.006171522761221441
GraphFP116,0.006163514560092979
ExtFP949,0.006156352627335223
GraphFP1024,0.006156216260142943
AD2D169,0.0061539671910915625
FP503,0.00614613991201904
GraphFP31,0.00614082435700066
FP129,0.006134495879517171
GraphFP152,0.0061278591934970416
GraphFP885,0.006127724055814457
FP559,0.006122540800609711
GraphFP980,0.0061154006909751105
nBondsD,0.006115198171638987
ExtFP813,0.006111947481536111
ExtFP256,0.006111824506226432
ExtFP454,0.006098707431013983
FP625,0.006094659314212691
GraphFP692,0.006091547513360714
ExtFP183,0.006083607108691241
ETA_AlphaP,0.006072657999123421
ExtFP69,0.006070145371036019
GraphFP186,0.006068168174799604
GraphFP807,0.006060265737837897
GraphFP533,0.006058956730447786
FP606,0.006056373805124033
AATSC4c,0.006055661869092255
ATSC6m,0.006037726933234157
GraphFP69,0.006032653761586125
ExtFP94,0.006021996491129358
FP78,0.006016507969268185
ExtFP809,0.006013748920033889
FP470,0.006011185641655097
GraphFP23,0.005998339155734093
ExtFP402,0.005988384500742215
FP466,0.005981906512418037
ExtFP513,0.005966959215836109
GraphFP206,0.005956987520539498
GraphFP998,0.0059568545273623145
ExtFP623,0.005955745469886931
ExtFP494,0.005954908007622546
ExtFP173,0.0059489118543566205
GraphFP436,0.005941138425708944
GraphFP667,0.005921111660452919
FP166,0.005918965688779107
GraphFP753,0.005905540768432602
ETA_EtaP_B,0.005886098269940804
ExtFP649,0.005885752128980673
GraphFP391,0.005885721950761526
GraphFP227,0.005882799092268989
ExtFP262,0.005880216983032064
AD2D569,0.005875377319251065
BCUTc-1l,0.005869212653411904
GraphFP181,0.005865960597938028
AATSC7e,0.0058537584694465265
GraphFP626,0.005851567269677278
AD2D276,0.0058459252310147465
ExtFP280,0.005845894723251947
GraphFP766,0.005843252864399592
GraphFP719,0.0058432210888025434
FP1023,0.005833902418610523
ExtFP742,0.005825201866545839
FP546,0.005825147423678726
FP713,0.0058078532531501345
ExtFP862,0.005804334183523491
GraphFP1007,0.005788273007954451
AD2D719,0.0057855297988466566
ExtFP613,0.005783536898094976
GraphFP417,0.005771625893133596
FP806,0.005735824766446301
GraphFP404,0.0057243098257327455
C2SP1,0.005718182611289086
BCUTc-1h,0.005709631205486969
ExtFP496,0.005706985034206565
JGI8,0.005702392027422976
ExtFP551,0.0057005655983817976
ExtFP505,0.005685845712095142
GraphFP366,0.005681901916416324
ExtFP975,0.005677416106231668
FP363,0.005674130387759934
FP624,0.005669580952945404
FP748,0.00566544018530281
FP618,0.005653479594137641
AATSC8e,0.005651682859592833
FP889,0.005650228788966566
ExtFP632,0.005638818882116126
ExtFP976,0.005631551283075138
AD2D313,0.005627866021601462
GraphFP339,0.0056041953029381
ExtFP391,0.00558010939254399
GraphFP842,0.005537903322647041
FP933,0.005511984437243102
GraphFP245,0.005506472117851939
GraphFP211,0.0055057983243620755
GraphFP951,0.005504665044548642
FP527,0.005490706616464516
FP949,0.005487626160020952
ExtFP925,0.005486521205803877
nP,0.005475317176283655
GraphFP872,0.005474112281886241
AD2D708,0.005459359073427962
ExtFP996,0.0054573211802077595
FP583,0.005457063195582289
ExtFP650,0.00545622838069288
ExtFP922,0.00545343078007457
GraphFP558,0.005452066467306816
ExtFP800,0.005436445818842756
ExtFP68,0.005429615436728083
AD2D340,0.005428944669692593
MATS1s,0.00542831787979177
GraphFP11,0.005423753747974536
GraphFP462,0.005421382092960196
VE3_Dzs,0.005401057144667097
GraphFP75,0.0053954659326453155
FP534,0.005391575664366762
FP428,0.005390094694092746
GraphFP785,0.005385299617419088
GraphFP937,0.005376810715810198
ExtFP242,0.005373804514408546
AATSC7s,0.005355405841320102
GraphFP777,0.005352272123382991
AD2D642,0.005351937880007546
ExtFP717,0.005351179048855896
ExtFP953,0.005350398163634743
AATS2s,0.0053478042622446325
ExtFP641,0.00533625728737355
GraphFP309,0.005318300918494767
FP35,0.005304455790942915
FP780,0.00529660279957458
ExtFP328,0.0052738612387897565
nX,0.005273635621578212
ExtFP897,0.005259971847742865
ExtFP300,0.00522571775387466
GraphFP812,0.005223917267614459
ExtFP108,0.00520510978796512
FP1021,0.005182458916344779
FP442,0.005178154837152055
GraphFP631,0.005177081499679195
AD2D327,0.005176936640206585
ETA_dPsi_B,0.0051733805337206345
AD2D702,0.005137682459480566
GraphFP383,0.005129786662510722
GraphFP597,0.005118740103907169
FP798,0.005111581865593135
ExtFP482,0.0051000241647863424
GraphFP444,0.005099682541390365
ExtFP775,0.005094119514915998
GraphFP158,0.005092682071047261
GraphFP342,0.005085419717854264
FP1009,0.005080596213483458
nCl,0.005074348813327087
FP400,0.005065417826309546
FP769,0.005063252251187685
AD2D638,0.005045399918050981
ExtFP33,0.005041282901133237
GraphFP68,0.005038218642471811
GraphFP369,0.005036688414630231
ExtFP607,0.00502783052522137
GraphFP504,0.005026348189700572
FP639,0.005021013397071522
GraphFP879,0.005020954823292431
GraphFP655,0.005020369643188751
FP848,0.005019045163642438
AD2D647,0.005010452505440769
GraphFP555,0.00500373592226044
GraphFP579,0.00500262254906555
GraphFP180,0.0049993708207446315
FP283,0.00498853964149277
GraphFP139,0.004987158674030568
GraphFP820,0.004982942516077977
FP973,0.004975103525299854
GraphFP960,0.004964036927894778
AD2D687,0.0049561277207856936
ExtFP194,0.004942667601785271
ExtFP167,0.004941595865488392
FP707,0.004938758338420318
FP256,0.004936280461364504
GraphFP299,0.004935131176106334
ExtFP852,0.004931746741466298
GraphFP780,0.004928802435562893
FP310,0.004926544871208168
GraphFP708,0.004923269777788847
FP183,0.0049165311792380775
FP86,0.004914124245420149
GraphFP381,0.004907913843696141
FP90,0.0049068275923954486
ExtFP238,0.004901573297099821
FP432,0.00488122854668668
FP396,0.00487758540894337
GraphFP1010,0.0048740883761054996
FP272,0.004870294807248966
GraphFP341,0.004868603297636433
FP437,0.004861654052224991
GraphFP439,0.004860286795974038
FP334,0.004860286621843586
ExtFP508,0.0048432582688893045
ExtFP611,0.004821338772983005
ExtFP60,0.004802527179480166
ExtFP927,0.004799561598545969
GraphFP318,0.004790354503246205
FP445,0.004780627525528863
GraphFP449,0.00477970662489533
FP379,0.00477065247501864
FP157,0.004761287428699011
FP842,0.004744229997958304
ExtFP26,0.004738912499079938
FP350,0.004735060760727438
ExtFP787,0.004734087335523184
FP130,0.004722678765076088
SRW5,0.004712656534442061
ExtFP874,0.004703766340768659
FP586,0.004697764505410059
GraphFP414,0.004696520878594804
FP210,0.004685585206397231
AD2D563,0.004680692579647986
GraphFP709,0.004660598932689835
GraphFP690,0.004658643900769072
GraphFP1018,0.0046425548382823196
FP555,0.004615304210925897
GraphFP208,0.004609301550523475
GraphFP697,0.0046067437684210845
ExtFP405,0.00460607103842008
GraphFP867,0.004594941197404586
GraphFP603,0.004589847164966653
AD2D649,0.004589090204579374
AD2D94,0.004584654072242686
GraphFP1009,0.0045846084872061005
ExtFP549,0.004580802291665426
SIC2,0.00457637240308324
GraphFP507,0.004575511568947692
VE1_DzZ,0.004563548146106925
GraphFP854,0.004562933383332395
GraphFP805,0.004555318980762605
ExtFP989,0.004550370968300025
FP906,0.004550114358011681
GraphFP859,0.004544964546812953
GraphFP892,0.004541978288245885
VC-6,0.004537536082194917
GATS2p,0.0045282247626346455
FP595,0.004522753469109492
GraphFP319,0.004515791295491519
FP380,0.0045138277720679085
ExtFP861,0.004505735588015323
ExtFP260,0.0044882757410976
GraphFP188,0.004487899067020319
ExtFP606,0.004471119351134789
ExtFP894,0.004453828861732749
FP802,0.004453457085013078
FP518,0.00444898141023684
GraphFP751,0.004432304768683387
ExtFP507,0.00443012810664672
MATS2s,0.004425111938367641
ExtFP1017,0.004417568227745192
FP443,0.00441035007253575
FP266,0.004410088830495503
ExtFP801,0.004402378008514276
FP87,0.004393004240704833
AD2D432,0.004391332260637395
GATS8v,0.004390754118519534
ExtFP770,0.0043882302783564715
GraphFP619,0.00437707438880632
nHBDon,0.004369013151739924
AD2D526,0.00436503354523899
AD2D271,0.004356260134638578
ExtFP422,0.004335698867084371
GraphFP189,0.004320112531848029
FP697,0.004319115495118839
GraphFP121,0.00431646988406068
ExtFP228,0.004316066968464546
ExtFP428,0.004309995391584919
ExtFP886,0.004306423476768074
ExtFP918,0.004293511025761218
ExtFP99,0.004281894810695774
ExtFP426,0.004278215018798625
GraphFP760,0.004264554870501538
GraphFP371,0.0042623300645165466
FP641,0.004260767923095623
AD2D565,0.00425441658808724
AD2D682,0.004251715987209394
FP786,0.004247796933556884
GraphFP824,0.0042461322674854415
ExtFP127,0.004243170199046441
GraphFP277,0.004242830083813877
FP192,0.004240389342740379
GraphFP387,0.004233198021922579
ExtFP663,0.004232662691206574
FP81,0.0042320830406417384
FP252,0.004228790156151038
FP354,0.004227863581422544
GraphFP205,0.004222837104492727
AD2D213,0.00419304033478858
GraphFP620,0.004191053027304651
GraphFP252,0.004189431938426204
ExtFP445,0.004189134538980199
GraphFP146,0.004178118047666818
FP958,0.004177211759611075
FP729,0.004159633308914058
ExtFP500,0.004154887791525055
ExtFP933,0.004153515480411656
ExtFP316,0.004137963886840019
ATSC1p,0.004134865640003632
ExtFP693,0.004134792007095978
GraphFP945,0.00412177292526571
GraphFP123,0.004117183313835382
FP217,0.0041144743865785946
ExtFP414,0.00410878561801446
ExtFP394,0.004102625962648632
ExtFP873,0.00410172820642989
GraphFP367,0.004089351436579371
GraphFP759,0.004078121159078178
FP638,0.004067755680620095
FP918,0.004061487965297019
AD2D409,0.0040500349817826735
ExtFP653,0.004048669684968617
GraphFP333,0.004040336394983348
GATS4s,0.004039153520495499
FP851,0.0040377492514766
ExtFP339,0.004016636867631458
AD2D247,0.004012393144062343
FP847,0.004005005366282622
ExtFP840,0.003999641150365028
AATSC8m,0.003995652955368527
FP402,0.003992852507532223
AD2D630,0.003992559621917327
GraphFP184,0.003980174932313291
GATS8p,0.003977352502971941
AVP-0,0.003973052254228377
AATSC7c,0.003956071870055327
AD2D731,0.003918334749017495
FP57,0.0038989916921709266
FP693,0.003883502044764557
FP152,0.003883181827149063
FP151,0.0038794495829694913
ExtFP791,0.0038757406144845187
FP700,0.003871365060724445
GraphFP363,0.003866733201433593
ExtFP406,0.003859164797766079
FP796,0.0038501151463571554
ExtFP905,0.003846703555089267
FP162,0.0038377346856140666
FP651,0.0038372766032611014
FP584,0.0038198668307638647
FP866,0.00381270559028439
ExtFP367,0.003795375526565037
nO,0.0037885245561096697
GraphFP313,0.0037836765908819386
ExtFP827,0.0037770461139327795
FP797,0.003754042109478464
GraphFP272,0.0037514390763214115
FP607,0.003751351206832184
AATS6e,0.0037471130079559435
GraphFP929,0.003741463361056449
FP91,0.0037196140776912597
GraphFP717,0.0037175133315370656
FP755,0.0037045900938635244
GraphFP182,0.003697400081152237
MATS8m,0.003684330570490339
AD2D727,0.00367935422450207
FP502,0.0036716818357451306
ExtFP626,0.0036716550564992274
GraphFP464,0.0036705410261216407
ExtFP660,0.0036627397272269544
GATS4m,0.0036619584393606515
ExtFP17,0.003658219292141298
GraphFP242,0.0036579462169361197
GraphFP412,0.0036513369243764394
ExtFP424,0.003650900756898553
AATS4e,0.003645312636384438
ExtFP753,0.0036401475115462106
GraphFP244,0.003639937496562919
GraphFP711,0.00363441234169794
nAtomLAC,0.0036122465208424247
AD2D681,0.003603400618263952
GraphFP1016,0.0036005837336337836
ExtFP342,0.00359092205582711
AATS5s,0.0035890997386452254
ExtFP915,0.0035872003631099397
GraphFP209,0.003585556590504878
GraphFP435,0.0035852919539183323
GraphFP688,0.003572743291328552
FP911,0.0035709495436437007
GraphFP406,0.0035548922127113043
FP472,0.003544276712852244
GraphFP80,0.0035404901257010926
JGI3,0.0035148483134466034
AD2D492,0.003480759219068948
GraphFP733,0.0034801450939669016
FP598,0.0034769516606427495
GraphFP331,0.0034749847158951257
GraphFP459,0.00347245764956913
JGI9,0.0034700237967050427
GraphFP54,0.003439023656567209
GraphFP28,0.003428559199286819
AATSC5m,0.003428542266974821
GraphFP801,0.003421592102466724
FP202,0.003415302666335744
ExtFP115,0.003402875188149458
AD2D666,0.0033853115154479805
ATSC6v,0.0033727886674021646
GraphFP447,0.003366070043730354
GraphFP749,0.0033647718447494196
nBr,0.003363305281378952
VE3_DzZ,0.003357575605865237
ExtFP767,0.003353827195456494
AD2D15,0.0033509952188828006
FP375,0.003333296506468707
ExtFP704,0.0033303985685928473
GraphFP907,0.003329106049417964
GraphFP890,0.003326994228557434
AD2D496,0.003324765300260232
FP954,0.0033241877224992524
ExtFP741,0.0033161319931559958
ExtFP294,0.0033026320186285
AD2D579,0.0033013545104700107
AD2D662,0.003292771549207063
FP139,0.0032671840945446644
GATS2s,0.003259474860124845
FP82,0.0032562408502897185
GraphFP992,0.0032546905749360963
GraphFP959,0.003250746709413775
GraphFP322,0.0032439387994161674
GraphFP591,0.003237265729365752
AD2D348,0.003234704897349471
FP414,0.003228333504090768
AD2D531,0.0032161642898595414
GraphFP64,0.0031999369948193424
AD2D676,0.003195542874575391
GraphFP855,0.0031887848718616177
GraphFP218,0.0031882663246421343
FP96,0.003187322656655676
ATSC2s,0.003166889864969491
FP852,0.00316383634391805
ExtFP481,0.0031497489243736978
FP961,0.0031467610462655032
AD2D257,0.0031418187770170278
ExtFP808,0.0031359369246821743
GraphFP365,0.0031130521827019554
FP960,0.0030944927222988907
FP251,0.0030913706438210433
ExtFP460,0.0030893524088734968
GraphFP825,0.00308122416701422
GraphFP403,0.0030739439605855707
ExtFP330,0.003063396068699233
FP770,0.003055193046119961
ExtFP621,0.0030502321517735373
AD2D552,0.003047466739452306
IC0,0.0030471754626078228
AD2D604,0.0030455737568476945
GraphFP474,0.00304239984333124
AD2D427,0.003037164202960271
GraphFP177,0.003031325561466532
GraphFP248,0.0030077152077738604
ExtFP85,0.003002416450436143
GraphFP448,0.0030003738421508067
GraphFP97,0.0029961474075919587
AD2D172,0.0029947909912761087
GraphFP468,0.0029920660409784527
ExtFP857,0.00299101278201463
ExtFP332,0.0029893165655265337
ExtFP153,0.00298333174721506
AATSC1m,0.002980196181052564
ExtFP275,0.002978517216532726
ExtFP642,0.002974709506058823
FP631,0.002974533148010381
GraphFP538,0.002969762564956639
FP48,0.002949702511054532
FP621,0.002946737607405888
AD2D663,0.002937445665496517
GraphFP111,0.002933359459176723
ExtFP899,0.0029290710279476113
FP753,0.0029243547653708913
ExtFP272,0.0029022859366826235
FP69,0.002898604102269651
FP501,0.002896509482132669
ExtFP227,0.0028964176871115466
FP444,0.00289013043126066
ExtFP955,0.002880064531077549
FP349,0.002866682278991031
ExtFP447,0.0028552847080077007
AD2D426,0.0028512153294831945
FP390,0.002849010735500748
GraphFP393,0.0028460944562605003
FP220,0.002845626627050042
FP997,0.0028447788636180456
GraphFP49,0.0028433187256129274
MATS5m,0.0028368374947368015
ExtFP526,0.002836589971770023
GATS7i,0.0028345361973805445
AD2D441,0.002824678272583826
FP913,0.0027762555518261634
FP21,0.002774244116874588
ExtFP598,0.0027614949890790073
JGI7,0.0027580927164545534
ExtFP412,0.0027506159771834384
GraphFP71,0.002744490062751539
AD2D272,0.002730672408088413
GraphFP30,0.00272441312851601
ExtFP291,0.0027225762879126768
ExtFP872,0.0027210028412180316
AD2D566,0.002720845847759675
FP953,0.0027140048238703147
AD2D641,0.0027097890490161386
GraphFP712,0.002694724342329657
GraphFP535,0.0026812996531091447
FP716,0.002667562260069737
AD2D370,0.0026489467315140027
GraphFP696,0.002645024331043372
ATSC1s,0.0026411168231597394
GraphFP893,0.0026345953881760403
ExtFP378,0.0026314238798017396
AD2D273,0.002619849391966533
AD2D129,0.0026181990861263026
ExtFP206,0.0026172170741477732
FP832,0.0026170255806919228
FP63,0.0026102877658072264
GraphFP251,0.002598318281282368
FP927,0.0025970373617103114
ExtFP926,0.002592641464143963
ExtFP582,0.00259036637376868
ATSC4c,0.0025824991228575534
GraphFP694,0.0025736722663184932
FP106,0.0025665864419768323
FP715,0.0025577414816669148
GraphFP793,0.002557623995282901
AD2D570,0.0025432655953626115
ExtFP133,0.00253804596755882
GraphFP237,0.0025321476892538144
GraphFP395,0.0025314329420024805
ExtFP310,0.0025291662538249903
FP956,0.002518847927189114
ExtFP762,0.002513577821227948
GraphFP862,0.002503025995882907
ExtFP385,0.0025024507230400187
ExtFP483,0.0024948786527845775
GraphFP656,0.002493797819535083
GraphFP416,0.0024924103671912696
GraphFP332,0.002477253466253115
FP108,0.002473091896573691
AD2D510,0.002467723349889731
AD2D588,0.0024605370033452937
ExtFP176,0.002450586575786859
GraphFP55,0.002450111307091574
ExtFP511,0.002444527932898219
FP395,0.0024388100455951097
GraphFP78,0.002432151728497475
AD2D354,0.0024285043583589902
GraphFP850,0.0024160084278887716
FP138,0.00241202334157315
GraphFP500,0.0023993844910568736
ExtFP257,0.0023991617442581533
ExtFP66,0.0023935354553986468
GraphFP410,0.0023910791376134466
ExtFP116,0.002385164500001816
GraphFP384,0.0023846977560060337
FP109,0.0023819886052037676
ExtFP970,0.0023796498388961988
GraphFP194,0.0023764449244792706
SC-6,0.0023693014279253756
GraphFP74,0.0023689615864595113
GraphFP520,0.0023667631677163473
GraphFP614,0.0023613340695068383
ExtFP565,0.002357346385640936
ExtFP400,0.00235281107021938
GraphFP621,0.0023453448365668905
VE1_Dzv,0.002339540661930769
GATS6c,0.002338327317484272
AD2D292,0.0023369322574843935
FP136,0.0023240316392310963
ExtFP664,0.0023119314395740023
FP469,0.0023074204659478976
FP203,0.002293663197342083
GraphFP950,0.002293410193680202
GraphFP1023,0.0022901102859813113
FP807,0.0022899495702573725
BCUTw-1l,0.0022855524773907417
AATS0m,0.0022779909985511924
FP98,0.002274657957427803
ATSC8m,0.002269207685836176
GraphFP861,0.002266608521278904
ATSC7m,0.002265072788704662
FP208,0.002256937820634049
ATSC7i,0.002243813139883375
GraphFP61,0.0022390884127172933
VE1_Dzs,0.0022303042534898374
GATS2e,0.0022194559819135205
ExtFP486,0.0022180529538362043
FP845,0.0022133754211718587
ExtFP270,0.00220053728577838
FP619,0.0021857825543959543
GraphFP325,0.0021755174173047186
FP107,0.002174164629892758
GraphFP374,0.002170167422945753
AD2D253,0.002169355441599803
GraphFP593,0.0021674060139897215
FP833,0.0021537719264702435
ExtFP379,0.002151901363453074
FP944,0.0021169411203083147
ExtFP128,0.002112639145648254
FP881,0.002105629892891944
AATSC7p,0.0020956350807062175
MIC0,0.002095371768649945
GraphFP765,0.002089935273907959
FP910,0.002067396002264384
ExtFP420,0.002060708171480217
GraphFP65,0.002048509121748845
FP880,0.002039038063159831
GraphFP1011,0.0020286245541756755
GraphFP826,0.002023063788500474
AD2D398,0.002022613613228322
GraphFP700,0.0020152357950094127
AD2D583,0.0020135071034538612
ExtFP423,0.0020115204752494628
ExtFP217,0.0020075939631250313
GraphFP806,0.0020004182981775867
VR1_Dzp,0.0020002887420593946
AD2D574,0.0019978718930171477
ExtFP556,0.0019936450122364766
ExtFP667,0.0019885325383539078
GraphFP162,0.0019824070148668467
AD2D582,0.0019803813685948914
ExtFP702,0.0019771878104537185
AD2D219,0.001970458482498909
GraphFP138,0.0019522623690383179
GraphFP613,0.001947197483066994
AD2D208,0.0019301072504652966
GraphFP1022,0.0019241653089145515
GraphFP372,0.0019077967946840974
GraphFP113,0.001903580474940341
ExtFP865,0.0018995289209190302
GraphFP39,0.0018867024065217961
GraphFP246,0.0018816752796752328
GraphFP710,0.0018732927757050906
C2SP3,0.0018728837046943319
AD2D234,0.0018640009737740757
AD2D417,0.0018602232450060203
ExtFP713,0.0018572263231484934
AD2D180,0.0018526447128553462
ExtFP920,0.0018498271962000422
FP293,0.0018467445115038573
GraphFP633,0.0018342531404646584
FP85,0.0018331018657240475
FP67,0.0018295930147862406
AD2D428,0.001826236860870531
GraphFP105,0.0018209776826479053
FP427,0.0018190826303067559
ExtFP619,0.0018175731431664835
FP511,0.0018171687008916079
FP131,0.0018105885984536566
GraphFP53,0.001809021093241879
AD2D721,0.0018012431675832156
GraphFP545,0.001796498158697208
AD2D661,0.0017954473903802636
GraphFP995,0.0017930456804482605
FP51,0.0017926630403357605
AATS4m,0.0017921797368569854
AD2D419,0.0017539993106541003
FP281,0.0017532765359967169
GraphFP926,0.0017416540828812373
GraphFP976,0.0017348404390444105
ExtFP718,0.001734135846842288
GraphFP484,0.0017299995048791611
GraphFP176,0.0017272805372461908
AD2D573,0.001725277347591997
GraphFP106,0.0017245318482900446
GraphFP407,0.0017207473238312406
ExtFP658,0.0017205508121663738
ExtFP476,0.0017140086154354623
AD2D675,0.0017091382979208295
GraphFP670,0.001700586605428897
AD2D506,0.0017003253693068726
FP305,0.0016919234021439624
AATSC8p,0.0016901458629503933
FP39,0.0016801968309478072
SM1_Dzs,0.001678001001244724
FP240,0.0016726697560529489
GraphFP661,0.0016709635836258845
ExtFP157,0.0016708424161937584
GraphFP269,0.0016693133630692656
GraphFP521,0.0016593377878460524
ExtFP338,0.0016534090773156285
GraphFP1017,0.0016427805080048736
ExtFP112,0.0016419705082813781
ExtFP63,0.0016402534278279085
ExtFP87,0.001634373804981317
GraphFP627,0.001630867929397325
AATS4i,0.0016189803544063533
AD2D262,0.0016179634754579246
JGI4,0.0016172544667665538
ExtFP134,0.0016143559360787037
AD2D564,0.0016092662407579527
AD2D504,0.001598503628180141
FP72,0.0015960859064311946
ETA_Shape_Y,0.001589965062903816
AD2D488,0.001573832955986255
VR1_Dzs,0.0015685394897635649
GraphFP956,0.0015567481015859163
FP218,0.0015530029556926918
ETA_BetaP_ns_d,0.0015455500210561101
AD2D520,0.001542735578522203
GraphFP654,0.001542622313240759
GraphFP809,0.0015362120868724401
FP70,0.0015352477149652888
GraphFP173,0.0015330991088564143
FP604,0.0015127551962180101
JGI1,0.0015115789535504233
ExtFP600,0.0014961525430801715
AD2D263,0.0014875559778444198
AD2D555,0.0014819027509501174
AATSC0p,0.0014770629368625946
ExtFP885,0.0014687552361743162
ExtFP279,0.0014633736393484934
ATSC5m,0.0014604745219285043
FP452,0.0014549957278521275
ATSC7v,0.0014446385231335643
ExtFP421,0.001443678888445138
GraphFP658,0.0014399093782855108
GraphFP828,0.0014241126627943272
AD2D399,0.001410067075016405
ExtFP766,0.0013876121457568034
AD2D643,0.0013867144971679113
FP597,0.0013803225276010102
ExtFP917,0.0013770596556836347
ExtFP229,0.0013766382540212677
GraphFP159,0.0013753500101743288
GraphFP916,0.0013737717248341367
GraphFP166,0.0013620340903201323
GraphFP480,0.0013267458198174167
FP1002,0.0013218417410621021
GraphFP672,0.0012959016537714728
ExtFP425,0.0012921966046318927
GraphFP702,0.0012911107267686386
AATSC0v,0.0012875008452011998
AD2D320,0.0012848270695158973
GraphFP537,0.0012760679106422054
ExtFP225,0.0012647451536114316
AATSC8v,0.001259151693017683
GraphFP857,0.0012458132927543374
GraphFP82,0.0012396910100572105
AD2D575,0.0012277606149758427
AD2D487,0.0012061697392041167
FP253,0.0011998307360865837
FP648,0.0011976196624837654
GraphFP975,0.001187959165321992
ExtFP164,0.0011839873623295714
ExtFP415,0.0011834461508577355
AD2D183,0.001162760697319047
GraphFP9,0.0011545019928973436
ExtFP893,0.0011483805374102305
ExtFP326,0.0011477542070110788
ExtFP877,0.0011395720665082815
FP804,0.0011204935339660738
ExtFP589,0.0011151812014677388
FP998,0.0011128960918231723
VR1_DzZ,0.0011052406278529367
AD2D722,0.0011041914519346245
GraphFP836,0.0011023555983393737
FP744,0.0011010934710727963
GraphFP336,0.0010998263246507984
FP908,0.0010963458754335114
FP238,0.0010961832395492267
GraphFP477,0.0010947772105753602
GraphFP191,0.0010943915077931366
ExtFP459,0.0010907251045182826
AD2D653,0.0010903538588738024
FP839,0.001087848159562858
GraphFP923,0.0010842952767308675
FP1006,0.0010785640346602187
AD2D214,0.001075602304332231
VR1_D,0.001071286698685231
FP645,0.001068358891710933
ExtFP314,0.0010668738152203973
ExtFP884,0.00106208781877819
ExtFP282,0.0010611611442909463
ExtFP119,0.001059578743474297
AD2D603,0.0010571767909436976
GraphFP714,0.0010501504831069656
GraphFP310,0.0010471826237529525
GraphFP724,0.0010466544491963992
FP904,0.0010453000278845832
ExtFP197,0.0010435360161549707
GraphFP610,0.001035311425422134
FP787,0.0010348098414322245
GraphFP77,0.0010311515289285768
AD2D424,0.0010239893895147962
GraphFP202,0.0010123066790678952
ATSC4m,0.001004805851232385
ExtFP783,0.0009999200051795192
AD2D738,0.0009928399369782464
FP389,0.0009925869261342617
FP615,0.0009907456158553614
FP870,0.000990379510851315
FP899,0.0009817050567699063
AD2D598,0.000978532782658064
GraphFP873,0.0009775833073999952
AD2D505,0.0009759522248167351
GraphFP729,0.0009532510689718409
GraphFP143,0.0009531184981774015
ExtFP876,0.0009519841409802493
GraphFP27,0.0009473688542116178
GraphFP639,0.0009346970600969339
FP45,0.000918513745824529
GraphFP1020,0.0009149091388920315
FP950,0.0009139526294062254
FP408,0.000908110414612708
GraphFP963,0.0009058628633749544
FP384,0.0009046762610178803
FP30,0.000898631396857738
GraphFP10,0.0008945593899785978
AD2D349,0.0008911228417301717
FP385,0.0008854953369841259
ExtFP374,0.0008849595173148627
ExtFP781,0.0008776924014018784
FP274,0.0008762241232077389
GraphFP89,0.0008445787962631225
GraphFP102,0.0008366604171512823
MATS7s,0.0008221573773651371
FP456,0.0008142927159335117
FP544,0.0007985742013072656
GraphFP66,0.0007866947009542199
AD2D267,0.0007856081237345874
FP47,0.000777829667752917
GraphFP50,0.0007738214489683167
GraphFP301,0.0007565889831158363
AD2D350,0.0007514325589452099
ExtFP321,0.0007360597807982027
ExtFP461,0.0007317772600729617
ExtFP567,0.0007310114915447597
ExtFP552,0.0007161135466480276
GraphFP17,0.0006824060390857465
AD2D336,0.0006795682778867999
FP550,0.0006701436973710897
FP229,0.0006673892345909969
FP934,0.000657806852416021
ExtFP736,0.0006451839407570516
GATS1e,0.0006418985360316826
GraphFP478,0.0006417617242701768
GraphFP295,0.0006402551349758066
AD2D286,0.0006378848126792855
MDEC-44,0.0006350757457949166
FP989,0.0006346438726920983
AD2D753,0.0006222533889689623
GraphFP360,0.000616883148515349
GraphFP150,0.0006160355478321669
AATS1s,0.0006118549786514402
GraphFP556,0.0006093404584264697
AD2D481,0.0006068238151206137
AATSC1c,0.000591486635424249
AATS6s,0.0005766063957165507
AD2D331,0.0005680588172419597
GraphFP201,0.0005664069880257072
GraphFP305,0.0005596412893116197
GraphFP280,0.0005483641097459913
GraphFP107,0.000547108391181396
BCUTp-1l,0.0005469009456655291
FP23,0.0005446848133745327
FP295,0.0005385308043942844
FP149,0.0005375618084884783
GraphFP986,0.000534290398242335
GraphFP874,0.0005314577947706608
FP764,0.000524053906033635
GraphFP623,0.0005218009161851884
MDEN-33,0.0005215308206547427
AD2D597,0.0005153289145490086
AD2D759,0.0005152952341951145
FP603,0.0005090393564416063
GATS5m,0.0005084032524723343
GraphFP565,0.0005073951071033605
AD2D215,0.0005060168774947315
GraphFP52,0.0005058416419067807
GraphFP85,0.0005043622358066406
AD2D497,0.0005035013757965953
FP905,0.0004962610471892176
GraphFP389,0.0004903574766426675
SIC1,0.0004900277026619683
GraphFP236,0.00048218666807834954
FP492,0.00047055248039541166
ExtFP525,0.0004672422065402289
AD2D660,0.0004656909769571259
FP995,0.0004539414096231437
GraphFP359,0.0004466353808229977
GraphFP287,0.0004359998115506561
GraphFP15,0.000432935703726992
ExtFP622,0.0004040711503650458
GraphFP428,0.00039640950087426217
GraphFP595,0.0003910813779362384
FP12,0.00038478958680474056
ETA_BetaP_s,0.0003846781823981947
AD2D644,0.0003815431995117585
ExtFP517,0.00037705054900374695
ExtFP344,0.00036747870446575073
GraphFP160,0.0003631848616049745
GraphFP346,0.0003572857695391774
AD2D744,0.0003530678835006214
ExtFP501,0.0003459973071713762
GraphFP463,0.0003440091596074911
FP873,0.00033196822910278354
AD2D739,0.00032362004195055067
AD2D25,0.0003113925302074363
ECCEN,0.0003106291097496171
ExtFP829,0.0003030634274982593
AD2D261,0.00030273803267868716
ExtFP475,0.0003022260060307962
FP884,0.00029907643916290754
GraphFP471,0.0002766218178297735
ExtFP31,0.0002737695351174345
GraphFP732,0.0002687283444494896
GraphFP1013,0.0002634199390269444
ExtFP184,0.000262892959512903
AD2D8,0.00026189425112823684
GraphFP212,0.0002550859070385081
GraphFP829,0.00025165242638453873
GraphFP291,0.00022711273849424516
FP896,0.0002073053686771825
ExtFP455,0.00020258805816130828
AD2D584,0.0001994484285700476
GraphFP668,0.00019285786651053759
GraphFP351,0.00019092616406199672
AD2D498,0.00016427082195909348
GraphFP46,0.00015380122495887825
GraphFP875,0.00015144899637519938
ExtFP301,0.0001413831594619356
GATS8s,0.00013886506792865395
AD2D105,0.0001378041270466484
GraphFP1015,0.0001294960482871277
GraphFP376,0.00012919497115634475
GraphFP549,0.0001250909056862706
GraphFP170,0.0001218521438126581
GraphFP845,0.00011839335742384564
GraphFP505,0.00011587291397859671
GraphFP112,0.00010016794636481833
AD2D502,9.79965307050751e-05
AD2D754,9.262662128923545e-05
FP708,8.141353688244486e-05
GraphFP402,7.338875912186318e-05
AD2D711,7.150231753041931e-05
nI,5.673765131012822e-05
FP590,5.621889217519017e-05
GraphFP399,4.476951507235201e-05
GraphFP370,3.808926256809051e-05
GraphFP56,3.635412991615359e-05
GraphFP43,3.150044901869163e-05
ExtFP84,2.817374428452791e-05
FP155,2.1051817202237885e-05
GraphFP858,1.639555365028601e-05
AD2D585,7.455456282931077e-06
FP277,3.0518995452335785e-06
FP392,2.689909114174579e-06
GraphFP827,0.0
GraphFP373,0.0
GraphFP266,0.0
GraphFP79,0.0
AD2D740,0.0
AD2D519,0.0
